txn_id,value_date,narration,debit,credit,balance,bank_ref,bank
TXN00000001,16-08-2026,BIL/ONL/300000000001/BFL,,303700.92,5303700.92,S33840482,ICICI
TXN00000002,03-06-2026,UPI/300000000002/Payment from/amravatiag@okaxis/HDFC,,225724.15,5529425.07,S33843176,ICICI
TXN00000003,27/06/26,NEFT-HDFC0002341-AMRAVATI FERTILISERS PRIVATE LIMITED-300000000003,,535585.66,6065010.73,9051315849,HDFC
TXN00000004,03/07/26,ACH C-COIMBATORE FABRICATO-300000000004,,310750.52,6375761.25,3493275703,HDFC
TXN00000005,18-07-2026,RTGS/ICICR52024560288/Bhilai Logistics Private Limited,,29815.35,6405576.60,S73935066,ICICI
TXN00000006,08-08-2026,UPI/9836923553/TIA/trichyinfr@ybl,,300080.92,6705657.52,S46975764,ICICI
TXN00000007,26/06/26,ACH C-AMRAVATI BEARINGS-300000000007,,241346.30,6947003.82,6381603392,HDFC
TXN00000008,03-06-2026,BIL/ONL/3896453689/DBL,,327094.00,7274097.82,S80346123,ICICI
TXN00000009,28-06-2026,NEFT-ICICR52024117961-UDAIPUR TRADERS INDIA PRIVATE LIMITED,,442297.00,7716394.82,S77713010,ICICI
TXN00000010,07/08/26,NEFT-HDFC0000123-ANANTAPUR ENGINEERING PVT-8180590422,,494058.40,8210453.22,2671765436,HDFC
TXN00000011,26-06-2026,UPI/4472049686/Payment from/coimbatore@okaxis/HDFC,,187818.84,8398272.06,S23753101,ICICI
TXN00000012,19/08/26,NEFT CR-HDFC0000123-MYSORE TEXTI-UTR300000000012,,361282.88,8759554.94,5266214790,HDFC
TXN00000013,07-07-2026,UPI/300000000013/Payment from/varanasime@okaxis/AXIS,,117169.70,8876724.64,S39193194,ICICI
TXN00000014,03/07/26,NEFT-HDFC0004567-LUDHIANA CONTAINER-300000000014,,116069.55,8992794.19,6231337989,HDFC
TXN00000015,06-06-2026,MMT/IMPS/300000000015/BELGAUM CONTAINERS/AXIS,,242382.52,9235176.71,S89472654,ICICI
TXN00000016,27-06-2026,RTGS/ICICR52023081463/ANANTAPUR PACKAGING LLP,,675786.93,9910963.64,S57684648,ICICI
TXN00000017,03-06-2026,UPI/300000000017/JHL/jodhpurhan@ibl,,465343.00,10376306.64,S91711765,ICICI
TXN00000018,27-08-2026,MMT/IMPS/8831663433/AMRAVATI AGRO EXPORTS PRIVATE LIMITED/SBIN,,26550.00,10402856.64,S20652788,ICICI
TXN00000019,03-06-2026,UPI/300000000019/Payment from/bhavnagarp@okaxis/AXIS,,38042.00,10440898.64,S32268944,ICICI
TXN00000020,13/07/26,UPI-AMRAVATI AGRO EXPORTS PRIVATE LIMITED-AMRAVATIAG@OKHDFCBANK-9405640274,,29275.00,10470173.64,7579761439,HDFC
TXN00000021,20/08/26,NEFT-HDFC0000123-BELGAUM CABLES PRIVATE LIMITED-300000000021,,15000.00,10485173.64,2631044585,HDFC
TXN00000022,26-06-2026,NEFT-ICICR52024117595-INDORE MOTORS,,174000.00,10659173.64,S79616425,ICICI
TXN00000023,07-06-2026,UPI/300000000023/CDP/chandrapur@ibl,,13607.99,10672781.63,S10044304,ICICI
TXN00000024,04/06/26,UPI-AMRAVATI CONSTRUCTIONS PRIVATE LIMITED-AMRAVATICO@OKAXIS-300000000024-PAYMENT FROM ACP,,206900.75,10879682.38,6870143792,HDFC
TXN00000025,28/07/26,UPI-PANIPAT TRANSPORT AND COMPANY-PANIPATTRA@OKHDFCBANK-8893353871,,150000.00,11029682.38,3122890476,HDFC
TXN00000026,05/06/26,ACH C-CALICUT INDUSTRIES-300000000026,,47000.00,11076682.38,3312926809,HDFC
TXN00000027,21/07/26,UPI-AMRAVATI CASTINGS LLP-AMRAVATICA@OKHDFCBANK-300000000027,,24239.00,11100921.38,4407260940,HDFC
TXN00000028,20-06-2026,UPI/300000000028/AIA/amravatiin@paytm,,23087.00,11124008.38,S90296362,ICICI
TXN00000029,03/08/26,NEFT-HDFC0004567-AMRAVATI CASTINGS LLP-300000000029,,1247.00,11125255.38,9051401510,HDFC
TXN00000030,23-06-2026,BIL/ONL/300000000030/THL,,5634.00,11130889.38,S59853087,ICICI
TXN00000031,25-07-2026,UPI/9773371944/Payment from/jodhpurpol@ibl/KKBK,,150000.00,11280889.38,S41595120,ICICI
TXN00000032,05/06/26,ACH C-ERNAKULAM METALS-300000000032,,200000.25,11480889.63,9667447947,HDFC
TXN00000033,05-07-2026,NEFT-ICICR52024117716-ernakulam traders india private limited,,27648.00,11508537.63,S66262880,ICICI
TXN00000034,26/06/26,NEFT CR-HDFC0004567-JAMNAGAR CONSTRUCTIONS PRIVATE LIMITED-UTR300000000034,,9000.00,11517537.63,3892254757,HDFC
TXN00000035,15/08/26,NEFT-HDFC0009812-ANANTAPURAGROEXPORTSPRIVATELIMITED-1743132779,,114000.00,11631537.63,9317842177,HDFC
TXN00000036,07/08/26,ACH C-JALANDHAR ME-300000000036,,137238.00,11768775.63,9602592762,HDFC
TXN00000037,16/06/26,NEFT CR-HDFC0004567-AMRAVATI CASTINGS LLP-UTR300000000037,,15764.00,11784539.63,8168634887,HDFC
TXN00000038,12/06/26,NEFT CR-HDFC0000123-MADURAI CONSTRUCTION-UTR300000000038,,48005.00,11832544.63,4988457567,HDFC
TXN00000039,13-08-2026,UPI/300000000039/ABL/amravatibe@apl,,150000.00,11982544.63,S93328544,ICICI
TXN00000040,27/07/26,UPI-CHENNAI  HANDICRAFTS-CHENNAIHAN@OKAXIS-300000000040,,5000.00,11987544.63,9862906889,HDFC
TXN00000041,18/06/26,IMPS-300000000041-JAMNAGAR POL-HDFC/ ,,79679.00,12067223.63,6540588716,HDFC
TXN00000042,13-07-2026,NEFT-ICICR52024560642-Amravati Agro Exports Private Limited,,91152.99,12158376.62,S73776360,ICICI
TXN00000043,19-08-2026,UPI/300000000043/BCP/belgaumcer@paytm,,298428.00,12456804.62,S61315758,ICICI
TXN00000044,27-08-2026,BIL/ONL/4096076911/BHL/ ,,6650.25,12463454.87,S63813869,ICICI
TXN00000045,24-08-2026,MMT/IMPS/1957366326/AMRAVATIAGROEXPORTSPRIVATELIMITED/HDFC,,30350.50,12493805.37,S67698719,ICICI
TXN00000046,17-07-2026,NEFT-ICICR52023994623-AMRAVATI  BEARINGS LIMITED,,33172.00,12526977.37,S95536061,ICICI
TXN00000047,11/07/26,UPI-JABALPUR TRANSPORT AND COMPANY-JABALPURTR@YBL-300000000047,,50559.00,12577536.37,7749180254,HDFC
TXN00000048,23/06/26,UPI-DEHRADUN METALS-DEHRADUNME@IBL-300000000048,,50000.00,12627536.37,4555684075,HDFC
TXN00000049,28/08/26,NEFT CR-HDFC0002341-BELGAUM DIST-UTR300000000049,,15000.00,12642536.37,6939741598,HDFC
TXN00000050,04-08-2026,NEFT-ICICR52023994974-JODHPUR DIAGNOSTICS,,252000.50,12894536.87,S48627108,ICICI
TXN00000051,26-06-2026,BIL/ONL/300000000051/ACP,,200000.00,13094536.87,S14628357,ICICI
TXN00000052,10-07-2026,BIL/ONL/300000000052/ACS,,268000.00,13362536.87,S38949591,ICICI
TXN00000053,05/06/26,IMPS-6108030489-HUBLI FOODS PVT LT-KKBK,,152000.00,13514536.87,5700332004,HDFC
TXN00000054,25-06-2026,MMT/IMPS/9154702651/ERNAKULAM TRADERS IN/HDFC,,80574.00,13595110.87,S30766223,ICICI
TXN00000055,16/06/26,UPI-CHANDRAPUR  H-CHANDRAPUR@OKAXIS-7854039979-PAYMENT FROM CHP,,161145.00,13756255.87,7138035000,HDFC
TXN00000056,04-07-2026,NEFT-ICICR52023081162-Anantapur Auto Compo,,10000.25,13766256.12,S91234039,ICICI
TXN00000057,09/08/26,NEFT-HDFC0002341-HALDIA PLASTICS AND COMPANY-8946397645,,500000.00,14266256.12,8281878774,HDFC
TXN00000058,23/08/26,RTGS-HDFC0004567-JODHPUR TRANSPORT AND COMPANY-300000000058,,20000.75,14286256.87,9248364149,HDFC
TXN00000059,11/07/26,NEFT-HDFC0002341-CHANDRAPURCOLDSTORAGEANDCOMPANY-300000000059,,42179.00,14328435.87,1025090139,HDFC
TXN00000060,03/08/26,UPI-AURANGABADDIAGNOSTICSLIMITED-AURANGABAD@YBL-1175293534,,15542.00,14343977.87,4131867094,HDFC
TXN00000061,25/08/26,RTGS-HDFC0004567-ANANTAPURINDUSTRIESINDIAPRIVATELIMITED-300000000061,,40000.00,14383977.87,2098598269,HDFC
TXN00000062,02-07-2026,MMT/IMPS/300000000062/DHANBAD BEARINGS LIMITED/AXIS,,34047.00,14418024.87,S71043723,ICICI
TXN00000063,14/07/26,ACH C-AMRAVATI  CONSTRUCTIONS P LTD-300000000063,,154889.00,14572913.87,4890140614,HDFC
TXN00000064,07/06/26,ACH C-BELGAUM FORGINGS-1317173597,,50000.00,14622913.87,8093436289,HDFC
TXN00000065,20-07-2026,UPI/300000000065/AAE/amravatiag@okaxis,,10840.00,14633753.87,S18560248,ICICI
TXN00000066,16/07/26,NEFT-HDFC0009812-AURANGABAD PHARMAC-300000000066,,21807.00,14655560.87,4840838039,HDFC
TXN00000067,30/07/26,NEFT-HDFC0009812-VARANASI SOFTWARE SERVICES PVT-300000000067,,134000.00,14789560.87,3219917916,HDFC
TXN00000068,12/07/26,ACH C-DHANBAD ELECTRIC-300000000068,,12778.00,14802338.87,5169404223,HDFC
TXN00000069,08/08/26,ACH C-AMRAVATICABLESPRIVATELIMITED-300000000069,,36166.00,14838504.87,4817984817,HDFC
TXN00000070,20/08/26,NEFT CR-HDFC0002341-AURANGABAD FABRICATORS AND COMPANY-UTR6139336542,,91000.99,14929505.86,2591370493,HDFC
TXN00000071,11/07/26,IMPS-300000000071-BELGAUM CONTAINE-AXIS,,18246.00,14947751.86,6520469454,HDFC
TXN00000072,30/06/26,NEFT CR-HDFC0004567-MANGALOREAUTOCOMPONENTSPVTLTD-UTR300000000072,,15997.50,14963749.36,6388476889,HDFC
TXN00000073,18-06-2026,NEFT/ICICR52024560403/Narmada Fabricators And Company,,43547.75,15007297.11,S64513188,ICICI
TXN00000074,02-08-2026,NEFT-ICICR52024117834-GODAVARI SPINNER,,13893.00,15021190.11,S56572076,ICICI
TXN00000075,11-06-2026,UPI/300000000075/TSS/tirupursof@ibl,,10916.00,15032106.11,S33639766,ICICI
TXN00000076,12-06-2026,NEFT-ICICR52023994535-NASHIK HANDICRAFTS L,,73295.00,15105401.11,S81146953,ICICI
TXN00000077,02-08-2026,NEFT-ICICR52023081742-DEHRADUN CERAMICS PV,,50000.00,15155401.11,S23859964,ICICI
TXN00000078,11/08/26,UPI-SILIGURI PRINTER-SILIGURIPR@PAYTM-300000000078,,13771.25,15169172.36,4810305217,HDFC
TXN00000079,22/08/26,NEFT CR-HDFC0004567-DEHRADUNENTERPRISESINDIAPRIVATELIMITED-UTR300000000079,,6951.99,15176124.35,9714637090,HDFC
TXN00000080,27/06/26,UPI-ANANTAPUR HO-ANANTAPURH@PAYTM-300000000080-PAYMENT FROM AHP,,44210.00,15220334.35,7086844178,HDFC
TXN00000081,28-08-2026,MMT/IMPS/300000000081/aurangabad packaging llp/UTIB,,10000.75,15230335.10,S86818958,ICICI
TXN00000082,24/08/26,IMPS-300000000082-BELGAUM CASTINGS LLP-KKBK,,244000.00,15474335.10,7008761574,HDFC
TXN00000083,04-06-2026,UPI/4489779346/Payment from/amravatipa@okaxis/SBIN,,25000.50,15499335.60,S25838312,ICICI
TXN00000084,24-06-2026,BIL/ONL/300000000084/CEI,,186000.75,15685336.35,S39995748,ICICI
TXN00000085,13/06/26,UPI-LUDHIANA COLD STORAGE AND COMPANY-LUDHIANACO@YBL-300000000085-PAYMENT FROM LCS,,11504.00,15696840.35,2731265547,HDFC
TXN00000086,10/06/26,ACH C-ANANTAPUR PAPER MILLS-1765146283,,5000.50,15701840.85,9448809842,HDFC
TXN00000087,11/08/26,NEFT-HDFC0004567-DEHRADUNDISTRIBUTORSPRIVATELIMITED-1108053476,,8396.75,15710237.60,2206033545,HDFC
TXN00000088,28/07/26,RTGS-HDFC0009812-AMRAVATI AGRO EXPORTS PRIVATE LIMITED-300000000088,,37873.50,15748111.10,5591780202,HDFC
TXN00000089,28/06/26,NEFT CR-HDFC0002341-AMRAVATI ELECTRICA-UTR300000000089,,11000.99,15759112.09,3352889453,HDFC
TXN00000090,04/06/26,RTGS-HDFC0009812-TRICHYTEXTILESPVTLTD-300000000090,,197262.00,15956374.09,6559310800,HDFC
TXN00000091,20/08/26,UPI-AMRAVATI  BEARINGS LIMITED-AMRAVATIBE@PAYTM-300000000091,,13400.00,15969774.09,1051530548,HDFC
TXN00000092,12/06/26,NEFT CR-HDFC0002341-RAIPUR AGRO EXPORT-UTR300000000092,,111000.00,16080774.09,7183115493,HDFC
TXN00000093,01/08/26,ACH C-NASHIK HANDICRAFTS  LLP-8483299853,,270000.00,16350774.09,4678576740,HDFC
TXN00000094,09-08-2026,NEFT-ICICR52024560810-NAGPUR CERAMICS  PV,,174000.00,16524774.09,S18832431,ICICI
TXN00000095,24-07-2026,UPI/300000000095/JCS/jodhpurcol@ibl,,93187.00,16617961.09,S75479928,ICICI
TXN00000096,01-07-2026,NEFT/ICICR52024560689/BHOPAL CHEMI,,7532.00,16625493.09,S86205256,ICICI
TXN00000097,29-06-2026,NEFT/ICICR52023994929/indore refra,,26466.99,16651960.08,S83359308,ICICI
TXN00000098,24/07/26,ACH C-AMRAVATICASTINGSLLP-300000000098 ,,195910.00,16847870.08,8953343250,HDFC
TXN00000099,24-06-2026,NEFT/ICICR52024117222/AMRAVATI AUTO COMPONENTS PVT LTD,,10000.00,16857870.08,S10273216,ICICI
TXN00000100,20-08-2026,MMT/IMPS/6465489662/BELGAUM FERTILISERS PRIVATE LIMITED/SBIN,,120254.00,16978124.08,S31009944,ICICI
TXN00000101,15/06/26,RTGS-HDFC0000123-BHOPAL PACKAGING PVT-300000000101,,23409.00,17001533.08,5663639339,HDFC
TXN00000102,24/08/26,RTGS-HDFC0004567-MEERUT LOGISTICS PRIVATE LIMITED-300000000102,,25000.00,17026533.08,7739423016,HDFC
TXN00000103,24/08/26,NEFT-HDFC0000123-HUBLI PACKAGING-300000000103,,29198.25,17055731.33,8994409133,HDFC
TXN00000104,08-08-2026,NEFT-ICICR52023994803-BHILAI FORGI,,74671.99,17130403.32,S40292679,ICICI
TXN00000105,18-07-2026,RTGS/ICICR52024560914/AMRAVATI AGRO EXPORTS PRIVATE LIMITED,,57009.99,17187413.31,S56705773,ICICI
TXN00000106,09-08-2026,BIL/ONL/300000000106/AAC,,26505.00,17213918.31,S75431383,ICICI
TXN00000107,06/06/26,UPI-AMRAVATI AGRO EXPORTS PRIVATE LIMITED-AMRAVATIAG@IBL-300000000107,,18612.99,17232531.30,1438927706,HDFC
TXN00000108,17/06/26,UPI-AMRAVATI ENGINEE-AMRAVATIEN@YBL-300000000108-PAYMENT FROM AEP,,131000.00,17363531.30,1332621840,HDFC
TXN00000109,15-08-2026,RTGS/ICICR52023994214/dehradun electricals pvt,,110000.00,17473531.30,S81507898,ICICI
TXN00000110,17/08/26,UPI-BHILAI COLD STORAGE AND COMPANY-BHILAICOLD@PAYTM-300000000110-PAYMENT FROM BCS,,33000.00,17506531.30,7374112861,HDFC
TXN00000111,25/06/26,ACH C-GANDHINAGAR-300000000111,,59674.99,17566206.29,6298763930,HDFC
TXN00000112,17-07-2026,UPI/300000000112/BAC/bhilaiauto@okaxis,,50090.00,17616296.29,S45529139,ICICI
TXN00000113,11-08-2026,MMT/IMPS/6395502198/AMRAVATI CER/SBIN,,29924.00,17646220.29,S52461327,ICICI
TXN00000114,26-07-2026,UPI/300000000114/BGP/belgaumgar@okaxis/,,40739.00,17686959.29,S35883618,ICICI
TXN00000115,19-08-2026,MMT/IMPS/300000000115/MEERUT  DIAGNOSTICS L/SBIN,,1768.99,17688728.28,S79214123,ICICI
TXN00000116,29/07/26,UPI-KAKINADA INDUSTRIES INDIA PRIVATE LIMITED-KAKINADAIN@YBL-300000000116-PAYMENT FROM KII,,29185.00,17717913.28,1912815383,HDFC
TXN00000117,11-08-2026,UPI/8357950069/Payment from/anantapurl@okaxis/SBIN,,219000.00,17936913.28,S30090913,ICICI
TXN00000118,31/08/26,ACH C-JABALPURHANDICRAFTSLLP-300000000118,,4626.99,17941540.27,5185007777,HDFC
TXN00000119,03-06-2026,RTGS/ICICR52024117161/Coimbatore Industrie,,48058.00,17989598.27,S18030912,ICICI
TXN00000120,04-08-2026,UPI/7282882552/CTI/chandrapur@apl,,260000.00,18249598.27,S81643200,ICICI
TXN00000121,22-06-2026,MMT/IMPS/300000000121/Surat Textiles P/HDFC,,100000.00,18349598.27,S74993019,ICICI
TXN00000122,06/07/26,UPI-INDORE FORGINGS LIMITED-INDOREFORG@APL-300000000122-PAYMENT FROM IFL,,30000.00,18379598.27,1055262267,HDFC
TXN00000123,13/07/26,NEFT-HDFC0009812-RAJKOT PRINTERS PVT-300000000123,,22945.00,18402543.27,6835999288,HDFC
TXN00000124,08/06/26,RTGS-HDFC0000123-COIMBATORESPINNERSLLP-300000000124,,20000.99,18422544.26,4780672642,HDFC
TXN00000125,15/07/26,IMPS-300000000125-BELGAUM TEXTILES PVT LTD-KKBK,,283000.50,18705544.76,8290320819,HDFC
TXN00000126,20/06/26,RTGS-HDFC0002341-AURANGABAD BEARINGS LIMITED-6388487454,,4173.75,18709718.51,8966227219,HDFC
TXN00000127,23-08-2026,UPI/8168955322/Payment from/gunturmedi@paytm/HDFC,,109000.99,18818719.50,S13013757,ICICI
TXN00000128,15-07-2026,MMT/IMPS/300000000128/JABALPUR MOTORS PRIV/HDFC,,74000.00,18892719.50,S42522318,ICICI
TXN00000129,08-06-2026,NEFT-ICICR52024117463-BHAVNAGAR  SPINNE,,70000.00,18962719.50,S70435896,ICICI
TXN00000130,09-08-2026,UPI/300000000130/Payment from/narmadaref@okhdfcbank/ICIC,,24237.75,18986957.25,S63943655,ICICI
TXN00000131,27/08/26,UPI-GODAVARI  INFRAPR-GODAVARIIN@OKHDFCBANK-2227987261-PAYMENT FROM GIA,,38526.00,19025483.25,6212961750,HDFC
TXN00000132,10-08-2026,UPI/300000000132/Payment from/amravatipa@ybl/HDFC,,5424.99,19030908.24,S71188689,ICICI
TXN00000133,26-08-2026,UPI/300000000133/Payment from/calicutfoo@apl/HDFC/,,40000.00,19070908.24,S50612366,ICICI
TXN00000134,25-07-2026,UPI/300000000134/Payment from/aurangabad@okhdfcbank/KKBK,,93065.00,19163973.24,S74995812,ICICI
TXN00000135,19-07-2026,NEFT/ICICR52024560385/BELGAUM TRANSPORT AND COMPANY,,35208.00,19199181.24,S23528666,ICICI
TXN00000136,05/08/26,NEFT CR-HDFC0002341-GWALIOR PRIN-UTR300000000136,,250000.25,19449181.49,2585501906,HDFC
TXN00000137,04-08-2026,UPI/8416628545/Payment from/amravatilo@ibl/SBIN,,133000.00,19582181.49,S41450411,ICICI
TXN00000138,13-06-2026,RTGS/ICICR52024117424/CHENNAI LOGISTICS,,90466.00,19672647.49,S20385197,ICICI
TXN00000139,02/06/26,NEFT CR-HDFC0004567-BHOPAL AGRO EXPORTS PRIVATE LIMITED-UTR300000000139,,280000.00,19952647.49,6164557438,HDFC
TXN00000140,19/07/26,NEFT CR-HDFC0000123-AURANGABAD SPINNERS-UTR300000000140,,29203.00,19981850.49,6062266509,HDFC
TXN00000141,08/06/26,NEFT-HDFC0000123-BHILAI PACKA-300000000141,,101201.00,20083051.49,7841553548,HDFC
TXN00000142,26-06-2026,NEFT-ICICR52024117278-INDORE COLD STOR,,58240.00,20141291.49,S25744170,ICICI
TXN00000143,30/06/26,NEFT CR-HDFC0009812-NASHIK INFRAPROJECTS-UTR2435904442,,276000.00,20417291.49,7984224743,HDFC
TXN00000144,03/08/26,IMPS-300000000144-ANANTAPUR PACKAGING LLP-UTIB,,40000.00,20457291.49,6226866559,HDFC
TXN00000145,22-07-2026,RTGS/ICICR52024117840/AMRAVATI HANDICRAFTS LLP,,156000.00,20613291.49,S26877601,ICICI
TXN00000146,01/07/26,RTGS-HDFC0002341-BELGAUM COLD-300000000146,,125000.00,20738291.49,1726617766,HDFC
TXN00000147,07-06-2026,BIL/ONL/300000000147/EEP,,292000.00,21030291.49,S52966941,ICICI
TXN00000148,01/08/26,UPI-KAKINADA SPINNERS-KAKINADASP@PAYTM-300000000148,,32340.99,21062632.48,1753591746,HDFC
TXN00000149,17/06/26,ACH C-AMRAVATI DISTRIBUTORS-300000000149,,30000.00,21092632.48,7571141014,HDFC
TXN00000150,17/07/26,IMPS-5772089188-VARANASI METALS-SBIN,,33000.25,21125632.73,4166475112,HDFC
TXN00000151,28-06-2026,RTGS/ICICR52023994710/amravati agro exports private limited,,168315.00,21293947.73,S46611219,ICICI
TXN00000152,20-07-2026,MMT/IMPS/300000000152/AMRAVATI DISTRIBUT/SBIN,,49748.00,21343695.73,S83587658,ICICI
TXN00000153,03-07-2026,RTGS/ICICR52023994309/ANANTAPUR CH,,500000.75,21843696.48,S75629058,ICICI
TXN00000154,17/06/26,IMPS-300000000154-AMRAVATI DISTRIB-AXIS,,22338.00,21866034.48,6176599667,HDFC
TXN00000155,24/08/26,RTGS-HDFC0004567-UDAIPUR DIAGNOSTICS LIMITED-300000000155,,68184.25,21934218.73,6235574565,HDFC
TXN00000156,12/06/26,ACH C-GWALIOR GARMENTS PRIVATE LIMITED-300000000156,,200000.00,22134218.73,7285500614,HDFC
TXN00000157,18/08/26,NEFT CR-HDFC0000123-AMRAVATI CHEMICA-UTR300000000157,,135017.00,22269235.73,2470537549,HDFC
TXN00000158,17-06-2026,NEFT-ICICR52024117282-AMRAVATI AUTO COMPONENTS PVT LTD,,4789.00,22274024.73,S90480307,ICICI
TXN00000159,18/08/26,UPI-AMRAVATIAGROEXPORTSPRIVATELIMITED-AMRAVATIAG@OKAXIS-300000000159-PAYMENT FROM AAE,,288000.00,22562024.73,9692706742,HDFC
TXN00000160,06/07/26,NEFT CR-HDFC0009812-GANDHINAGAR POLYMERS PRIVATE LIMITED-UTR300000000160,,68218.00,22630242.73,4288699088,HDFC
TXN00000161,02/06/26,NEFT CR-HDFC0004567-AMRAVATIFABRICATORSANDCOMPANY-UTR7202376292,,143000.50,22773243.23,7891334848,HDFC
TXN00000162,22/06/26,NEFT CR-HDFC0004567-CHENNAI PLASTICS AND COMPANY-UTR6797517524,,500000.99,23273244.22,2832847605,HDFC
TXN00000163,22-06-2026,NEFT-ICICR52024560269-Aurangabad Cold Storage And Company,,148000.00,23421244.22,S86766759,ICICI
TXN00000164,15/07/26,NEFT CR-HDFC0000123-AMRAVATI CHEMICALS INDIA PRIVATE LIMITED-UTR6211155269,,34695.99,23455940.21,4610255066,HDFC
TXN00000165,08/07/26,RTGS-HDFC0002341-BHAVNAGAR AUTO COMPONENTS PVT LTD-300000000165,,15809.50,23471749.71,9145897110,HDFC
TXN00000166,17-07-2026,RTGS/ICICR52023994527/BHAVNAGAR CONTAINERS PVT LTD,,54525.00,23526274.71,S95029708,ICICI
TXN00000167,18-07-2026,UPI/2439084711/Payment from/ernakulamm@paytm/ICIC,,15269.75,23541544.46,S36012069,ICICI
TXN00000168,03-08-2026,BIL/ONL/300000000168/ACP,,33400.00,23574944.46,S95733892,ICICI
TXN00000169,21/06/26,UPI-GUNTUR ENTER-GUNTURENTE@PAYTM-8317439978,,125000.00,23699944.46,9284666404,HDFC
TXN00000170,12-06-2026,BIL/ONL/5968199537/APP,,90324.00,23790268.46,S35117484,ICICI
TXN00000171,28-08-2026,NEFT/ICICR52024560987/CHANDRAPUR HANDICRAFTS LLP,,149000.00,23939268.46,S41325433,ICICI
TXN00000172,12/06/26,RTGS-HDFC0009812-RAJKOT PLASTICS AND COMPANY-300000000172,,30720.00,23969988.46,5356721747,HDFC
TXN00000173,24-07-2026,BIL/ONL/300000000173/GPP,,200000.00,24169988.46,S15121123,ICICI
TXN00000174,11-07-2026,NEFT/ICICR52023994576/gwalior fabricators and company,,20000.75,24189989.21,S30776272,ICICI
TXN00000175,03/06/26,UPI-GWALIOR HOSPITALITY PVT LTD-GWALIORHOS@OKAXIS-300000000175-PAYMENT FROM GHP,,229000.75,24418989.96,9348236535,HDFC
TXN00000176,28/08/26,NEFT-HDFC0004567-BHOPAL  LOGISTICS P LTD-300000000176,,21092.00,24440081.96,5932009174,HDFC
TXN00000177,01/07/26,IMPS-300000000177-AMRAVATI REF-SBIN,,167339.50,24607421.46,8391333291,HDFC
TXN00000178,02-08-2026,UPI/300000000178/Payment from/anantapurf@apl/HDFC,,25404.00,24632825.46,S38376908,ICICI
TXN00000179,05-06-2026,NEFT-ICICR52023081625-anantapur garments ,,27364.00,24660189.46,S42770737,ICICI
TXN00000180,13-06-2026,BIL/ONL/300000000180/AFA-,,8461.25,24668650.71,S55397902,ICICI
TXN00000181,02/07/26,IMPS-300000000181-AMRAVATI CASTINGS-AXIS,,45409.00,24714059.71,8544194138,HDFC
TXN00000182,09/08/26,UPI-KANPUR TRADERS INDIA PRIVATE LIMITED-KANPURTRAD@IBL-300000000182,,272000.00,24986059.71,2736608688,HDFC
TXN00000183,22-08-2026,NEFT/ICICR52023994338/AMRAVATI CONSTRUCTIONS PRIVATE LIMITED,,14521.50,25000581.21,S24794101,ICICI
TXN00000184,29-07-2026,MMT/IMPS/3742333730/amravatiagroexportsprivatelimited/UTIB,,30617.00,25031198.21,S41845785,ICICI
TXN00000185,19-06-2026,RTGS/ICICR52023081887/Bhavnagar Traders India,,14748.00,25045946.21,S18136763,ICICI
TXN00000186,26/06/26,NEFT-HDFC0009812-BELGAUM CERAMICS-300000000186,,55522.99,25101469.20,7377451416,HDFC
TXN00000187,03/08/26,UPI-MANGALORE FOODS PVT LTD-MANGALOREF@PAYTM-300000000187-PAYMENT FROM MFP ,,289000.00,25390469.20,4546209752,HDFC
TXN00000188,08/07/26,NEFT-HDFC0000123-AMRAVATI INDUSTR-300000000188,,51232.00,25441701.20,2661888546,HDFC
TXN00000189,16-06-2026,NEFT/ICICR52024117243/Kakinada Tra,,22541.00,25464242.20,S69587823,ICICI
TXN00000190,13-08-2026,RTGS/ICICR52023994369/Krishnacastingsllp,,191000.75,25655242.95,S14698203,ICICI
TXN00000191,20-08-2026,RTGS/ICICR52023994984/AMRAVATI GARMENTS PRIVATE LIMITED,,11042.00,25666284.95,S31544861,ICICI
TXN00000192,03-07-2026,RTGS/ICICR52023994842/GANDHINAGAR PACKAGING,,18926.50,25685211.45,S68505210,ICICI
TXN00000193,30/07/26,IMPS-2976816665-ANANTAPUR FOODS PVT LTD-KKBK,,233000.00,25918211.45,9512836077,HDFC
TXN00000194,08-06-2026,UPI/300000000194/ADP/anantapurd@okaxis,,248000.00,26166211.45,S38024914,ICICI
TXN00000195,16-07-2026,RTGS/ICICR52023994380/AMRAVATI FABRICATORS  AND COMPANY,,29372.99,26195584.44,S75279102,ICICI
TXN00000196,07-06-2026,NEFT/ICICR52024117488/Udaipur Refractories Limited,,11841.00,26207425.44,S24048962,ICICI
TXN00000197,25-08-2026,NEFT/ICICR52023081907/panipat plastics and company,,28960.00,26236385.44,S66363423,ICICI
TXN00000198,04-07-2026,NEFT/ICICR52024560893/INDOREAUTOCOMPONENTSPVTLTD,,60000.00,26296385.44,S81273473,ICICI
TXN00000199,13-07-2026,BIL/ONL/300000000199/NHP,,15000.00,26311385.44,S46228919,ICICI
TXN00000200,25/06/26,IMPS-300000000200-AMRAVATI AUTO COMPON-AXIS,,13969.00,26325354.44,5677324697,HDFC
TXN00000201,16/07/26,IMPS-9479972913-AMRAVATI ENTERPRISES INDIA PRIVATE LIMITED-UTIB,,60000.00,26385354.44,3041206113,HDFC
TXN00000202,27/08/26,UPI-NARMADA AUTO COMPONENTS PVT LTD-NARMADAAUT@IBL-1832465045-PAYMENT FROM NAC,,40000.00,26425354.44,4070885938,HDFC
TXN00000203,03-06-2026,MMT/IMPS/5148377356/AMRAVATI CONSTRUCTIONS PRIVATE LIMITED/SBIN,,100000.00,26525354.44,S71259492,ICICI
TXN00000204,26/06/26,UPI-AMRAVATI DISTRIBUTORS PRIVATE LIMITED-AMRAVATIDI@IBL-300000000204-PAYMENT FROM ADP,,17654.00,26543008.44,6093944172,HDFC
TXN00000205,25/08/26,NEFT CR-HDFC0009812-HOSUR FERTILISER-UTR300000000205,,14443.25,26557451.69,9838411097,HDFC
TXN00000206,16-08-2026,MMT/IMPS/300000000206/AMRAVATI BEARINGS P LTD/SBIN,,7176.00,26564627.69,S62353142,ICICI
TXN00000207,13/08/26,ACH C-AMRAVATI TEX-8727443708,,298000.25,26862627.94,9917852302,HDFC
TXN00000208,30/07/26,ACH C-AMRAVATI ENTERPRISES-300000000208,,100000.75,26962628.69,5646404715,HDFC
TXN00000209,23-06-2026,RTGS/ICICR52023081785/MADURAI INFRAPRO,,12663.00,26975291.69,S52943718,ICICI
TXN00000210,25-07-2026,NEFT-ICICR52024560692-BHILAI CERAMICS PVT,,35164.00,27010455.69,S49273699,ICICI
TXN00000211,08/07/26,UPI-BHILAIFERTILISERSPRIVATELIMITED-BHILAIFERT@APL-300000000211,,20000.00,27030455.69,8970212841,HDFC
TXN00000212,23-06-2026,NEFT/ICICR52024117592/Anantapur Transport And Company,,216000.50,27246456.19,S11383489,ICICI
TXN00000213,03/07/26,ACH C-CUTTACK GARMENTS PRIVATE LIMITED-300000000213,,15450.00,27261906.19,2670392940,HDFC
TXN00000214,14/08/26,ACH C-LUDHIANA ENGINEERING P LTD-300000000214,,71290.00,27333196.19,5134763682,HDFC
TXN00000215,18-08-2026,NEFT/ICICR52023081705/AMRAVATICERAMICSPVTLTD,,18770.75,27351966.94,S58564785,ICICI
TXN00000216,15-08-2026,MMT/IMPS/300000000216/KAKINADACERAMICSPVTLTD/SBIN,,58485.00,27410451.94,S62983957,ICICI
TXN00000217,05/06/26,RTGS-HDFC0004567-CHANDRAPUR FERTILISERS  PRIVATE LIMITED-300000000217,,100000.00,27510451.94,3988018413,HDFC
TXN00000218,16-08-2026,MMT/IMPS/300000000218/BHAVNAGAR SOFTWARE SERVICES PRIVATE LIMITED/UTIB,,16824.00,27527275.94,S11981668,ICICI
TXN00000219,17-08-2026,UPI/300000000219/Payment from/amravatibe@okaxis/ICIC,,239755.00,27767030.94,S85297181,ICICI
TXN00000220,19/07/26,RTGS-HDFC0004567-TRICHY DISTRIBUTORS PRIVATE LIMITED-300000000220,,107589.25,27874620.19,3778426645,HDFC
TXN00000221,01-07-2026,UPI/300000000221/CCS/chandrapur@ibl,,23206.00,27897826.19,S15364484,ICICI
TXN00000222,28-08-2026,RTGS/ICICR52023081161/ANANTAPUR AUTO  COM,,84960.25,27982786.44,S71393679,ICICI
TXN00000223,28/08/26,UPI-DEHRADUN INDUSTRIES INDIA PRIVATE LIMITED-DEHRADUNIN@IBL-3121420307,,250000.75,28232787.19,9806535721,HDFC
TXN00000224,21/07/26,IMPS-300000000224-LUDHIANA SPINNERS-AXIS,,39516.00,28272303.19,8524125586,HDFC
TXN00000225,13-08-2026,NEFT-ICICR52024117328-Gwalior Diagnostics,,22979.00,28295282.19,S82539676,ICICI
TXN00000226,10-08-2026,MMT/IMPS/300000000226/CUTTACK ELECTRICALS LLP/KKBK,,27926.99,28323209.18,S23277406,ICICI
TXN00000227,31/07/26,UPI-BHILAI HOSPITALITY PVT LTD-BHILAIHOSP@APL-2498712790,,18035.00,28341244.18,6147003786,HDFC
TXN00000228,06-07-2026,NEFT/ICICR52023994784/Jamnagar Motors Private Limited,,125000.00,28466244.18,S41438788,ICICI
TXN00000229,16-07-2026,MMT/IMPS/8210070228/AMRAVATI BEARING/HDFC,,3950.99,28470195.17,S99819875,ICICI
TXN00000230,28/06/26,UPI-SALEM CERAMI-SALEMCERAM@APL-300000000230,,99527.25,28569722.42,8874390830,HDFC
TXN00000231,06/08/26,UPI-HALDIA POLYMERS-HALDIAPOLY@YBL-300000000231,,5571.99,28575294.41,5176286322,HDFC
TXN00000232,26/06/26,NEFT-HDFC0004567-AMRAVATI AGRO EXPORTS PRIVATE LIMITED-300000000232,,59531.25,28634825.66,6287488779,HDFC
TXN00000233,29/06/26,IMPS-3490341174-HUBLIINFRAPROJECTSANDCOMPANY-SBIN,,5079.00,28639904.66,7892629078,HDFC
TXN00000234,05-06-2026,NEFT-ICICR52024560247-AMRAVATI CASTINGS,,299000.00,28938904.66,S14409169,ICICI
TXN00000235,04/07/26,NEFT CR-HDFC0002341-GANDHINAGAR CONSTR-UTR300000000235,,237713.00,29176617.66,7628717774,HDFC
TXN00000236,14/06/26,NEFT CR-HDFC0002341-BHAVNAGAR LO-UTR300000000236,,22249.00,29198866.66,8122745398,HDFC
TXN00000237,03/06/26,IMPS-300000000237-CALICUT ENGINEERING PVT LTD-SBIN,,30352.00,29229218.66,1165914164,HDFC
TXN00000238,06/08/26,UPI-BHILAI CABLES PRIVATE LIMITED-BHILAICABL@YBL-3471148730-PAYMENT FROM BCP,,250000.00,29479218.66,4707465633,HDFC
TXN00000239,13/07/26,RTGS-HDFC0002341-ANANTAPURAGROEXPORTSPRIVATELIMITED-300000000239,,28619.00,29507837.66,8869355202,HDFC
TXN00000240,20-06-2026,RTGS/ICICR52023081613/CHENNAI CONTAINERS P LTD,,60000.00,29567837.66,S72589507,ICICI
TXN00000241,02/07/26,UPI-AMRAVATI  AUT-AMRAVATIAU@OKHDFCBANK-300000000241,,146743.00,29714580.66,4400240375,HDFC
TXN00000242,06/06/26,UPI-SILIGURI COLD STORAGE AND COMPANY-SILIGURICO@PAYTM-300000000242,,32962.00,29747542.66,3921896105,HDFC
TXN00000243,20/07/26,ACH C-GODAVARI PHA-300000000243,,71000.50,29818543.16,1428314037,HDFC
TXN00000244,24/07/26,IMPS-1562163450-AURANGABAD ENTERPRISES INDIA-SBIN,,125000.00,29943543.16,1282814306,HDFC
TXN00000245,10/06/26,RTGS-HDFC0004567-AMRAVATI CER-3231613058,,23145.00,29966688.16,8067337490,HDFC
TXN00000246,03/07/26,NEFT CR-HDFC0002341-CHENNAI POLYMERS PRIVATE LIMITED-UTR300000000246,,102601.99,30069290.15,2427024795,HDFC
TXN00000247,02/08/26,NEFT-HDFC0004567-JALANDHAR TR-7010878623,,40000.00,30109290.15,9099931489,HDFC
TXN00000248,26/06/26,NEFT-HDFC0004567-JAMNAGAR FOODS PVT LTD-300000000248,,15000.50,30124290.65,9030847742,HDFC
TXN00000249,01/07/26,IMPS-9189599898-JABALPUR ELECTRICALS LLP-ICIC,,36199.75,30160490.40,2956405032,HDFC
TXN00000250,31-08-2026,BIL/ONL/4667233898/HTA,,290000.25,30450490.65,S28612776,ICICI
TXN00000251,24/07/26,NEFT CR-HDFC0002341-TIRUPUR TRADERS INDIA-UTR300000000251,,16742.00,30467232.65,9280872895,HDFC
TXN00000252,24-07-2026,NEFT/ICICR52023994988/AURANGABAD PLASTICS AND COMPANY/ ,,30000.00,30497232.65,S92065148,ICICI
TXN00000253,01-08-2026,UPI/3162809948/BDP/belgaumdis@ibl,,75788.00,30573020.65,S65230645,ICICI
TXN00000254,15/07/26,ACH C-GUNTUR DISTRIBUTORS-300000000254,,30000.00,30603020.65,2852510680,HDFC
TXN00000255,26-07-2026,UPI/5898091468/Payment from/indoreprin@okhdfcbank/AXIS,,53858.99,30656879.64,S42498148,ICICI
TXN00000256,21/06/26,ACH C-BHAVNAGAR DISTRIBUTORS PRIVATE LIMITED-300000000256,,100000.00,30756879.64,6827390582,HDFC
TXN00000257,28-08-2026,UPI/300000000257/AAE/aurangabad@paytm,,13671.00,30770550.64,S42017122,ICICI
TXN00000258,20-08-2026,BIL/ONL/300000000258/SAC,,40561.00,30811111.64,S72689517,ICICI
TXN00000259,21-07-2026,RTGS/ICICR52023994621/INDORE FORGINGS LIMI,,22849.00,30833960.64,S33702901,ICICI
TXN00000260,25/08/26,NEFT CR-HDFC0009812-JALANDHAR HANDICRAFTS LLP-UTR300000000260,,125000.00,30958960.64,4430564579,HDFC
TXN00000261,11-08-2026,MMT/IMPS/300000000261/amravati enterpr/KKBK,,5022.00,30963982.64,S68826444,ICICI
TXN00000262,21-07-2026,MMT/IMPS/300000000262/Cuttack Infraprojects And Company/SBIN,,7103.00,30971085.64,S65269516,ICICI
TXN00000263,24/06/26,NEFT-HDFC0004567-BHAVNAGARPOLYMERSPRIVATELIMITED-300000000263,,20000.00,30991085.64,4075562346,HDFC
TXN00000264,21/08/26,ACH C-TIRUPUR BEARINGS LIMITED-300000000264,,43525.25,31034610.89,1447426615,HDFC
TXN00000265,16/08/26,NEFT-HDFC0004567-CHANDRAPUR LOGISTICS PRIVATE LIMITED-300000000265,,14000.75,31048611.64,7899520919,HDFC
TXN00000266,31/07/26,UPI-KOLHAPUR ELECTRICALS LLP-KOLHAPUREL@IBL-300000000266,,30000.75,31078612.39,2036355292,HDFC
TXN00000267,07-08-2026,BIL/ONL/300000000267/KAC,,6509.00,31085121.39,S46566774,ICICI
TXN00000268,11-08-2026,BIL/ONL/7422628194/AMP,,18600.25,31103721.64,S59141048,ICICI
TXN00000269,12/08/26,UPI-NASHIK MEDIA PVT-NASHIKMEDI@PAYTM-300000000269-PAYMENT FROM NMP,,415666.00,31519387.64,7853510434,HDFC
TXN00000270,29/08/26,UPI-AMRAVATI AGRO EXPORTS PRIVATE LIMITED-AMRAVATIAG@YBL-300000000270,,13000.00,31532387.64,5151624587,HDFC
TXN00000271,30-06-2026,MMT/IMPS/300000000271/Ernakulam Diagnostics Limited/AXIS,,47919.00,31580306.64,S45103453,ICICI
TXN00000272,18/08/26,ACH C-GANDHINAGAR-300000000272,,50000.00,31630306.64,4818710601,HDFC
TXN00000273,10/07/26,RTGS-HDFC0002341-ANANTAPUR ELECTRICAL-300000000273,,59553.00,31689859.64,4367622313,HDFC
TXN00000274,29-07-2026,RTGS/ICICR52024560171/Jalandharmotorsprivatelimited,,8210.00,31698069.64,S22111067,ICICI
TXN00000275,12-07-2026,MMT/IMPS/300000000275/HALDIA CHEMICALS INDIA PRIVATE LIMITED/HDFC,,24358.50,31722428.14,S91168126,ICICI
TXN00000276,06-08-2026,UPI/300000000276/ACS/amravatico@okaxis,,6168.99,31728597.13,S70195657,ICICI
TXN00000277,23/07/26,NEFT CR-HDFC0004567-ERNAKULAM MEDIA PVT LTD-UTR300000000277,,44054.25,31772651.38,7305583877,HDFC
TXN00000278,30/08/26,NEFT CR-HDFC0009812-VARANASI METALS LIMI-UTR1794808955,,66897.25,31839548.63,1130539495,HDFC
TXN00000279,26/07/26,UPI-HOSUR METALS-HOSURMETAL@APL-300000000279,,117179.00,31956727.63,8548738002,HDFC
TXN00000280,19/08/26,NEFT-HDFC0000123-AMRAVATI AGRO EXPORTS-3392281192,,20247.00,31976974.63,2359304470,HDFC
TXN00000281,10/07/26,NEFT CR-HDFC0000123-COIMBATORE CONSTRUCTIONS PRIVATE LIMITED-UTR5730618225,,43594.00,32020568.63,8188131669,HDFC
TXN00000282,17/08/26,RTGS-HDFC0004567-KANPUR CABLES PRIVAT-300000000282,,92358.00,32112926.63,8682842597,HDFC
TXN00000283,04/06/26,IMPS-300000000283-AURANGABAD GARMENTS-ICIC,,150000.00,32262926.63,7342560137,HDFC
TXN00000284,13-08-2026,BIL/ONL/1857246704/SFA,,6694.00,32269620.63,S78687637,ICICI
TXN00000285,05/06/26,NEFT CR-HDFC0004567-BHAVNAGAR INFRAP-UTR300000000285,,5076.00,32274696.63,3323583564,HDFC
TXN00000286,03-06-2026,RTGS/ICICR52023081984/SALEM LOGISTICS PRIVATE LIMITED,,8012.00,32282708.63,S92651059,ICICI
TXN00000287,01/07/26,UPI-GUNTUR ELECTRICALS-GUNTURELEC@YBL-2751307428,,100000.00,32382708.63,6025907982,HDFC
TXN00000288,02-07-2026,UPI/2923074405/Payment from/chandrapur@paytm/KKBK,,58856.75,32441565.38,S60598956,ICICI
TXN00000289,23-07-2026,UPI/300000000289/Payment from/anantapurh@apl/UTIB,,17000.25,32458565.63,S26627751,ICICI
TXN00000290,08/07/26,UPI-AMRAVATI AGRO EXPORTS PRIVATE LIMITED-AMRAVATIAG@IBL-300000000290-PAYMENT FROM AAE/ ,,500000.50,32958566.13,1056188925,HDFC
TXN00000291,08-06-2026,MMT/IMPS/5786933682/HALDIA CHEMICALS INDIA PRIVATE LIMITED/AXIS,,52159.00,33010725.13,S93011672,ICICI
TXN00000292,16/06/26,NEFT-HDFC0009812-CALICUT HANDICRAFTS LLP-7411523786,,17146.00,33027871.13,3610624510,HDFC
TXN00000293,16/07/26,NEFT CR-HDFC0002341-NAGPUR FERTILISERS P-UTR300000000293,,24850.00,33052721.13,9049815051,HDFC
TXN00000294,11-08-2026,RTGS/ICICR52023081320/AMRAVATI COLD STORAGE AND COMPANY,,16201.99,33068923.12,S72668805,ICICI
TXN00000295,14-06-2026,NEFT-ICICR52024560125-DEHRADUN POLYMERS,,5149.00,33074072.12,S15457079,ICICI
TXN00000296,24-07-2026,NEFT-ICICR52024117930-HOSURINFRAPROJECTSANDCOMPANY,,30000.99,33104073.11,S93673940,ICICI
TXN00000297,06-07-2026,NEFT-ICICR52024117839-GANDHINAGARINFRAPROJECTSANDCOMPANY,,37956.00,33142029.11,S61806667,ICICI
TXN00000298,14-06-2026,BIL/ONL/300000000298/MII,,18626.50,33160655.61,S54381423,ICICI
TXN00000299,03-08-2026,UPI/5301850734/HPM/hosurpaper@ibl,,76401.00,33237056.61,S11758514,ICICI
TXN00000300,08-08-2026,UPI/5607787813/Payment from/gwaliorfor@okhdfcbank/ICIC,,208808.00,33445864.61,S82662899,ICICI
TXN00000301,19-06-2026,UPI/300000000301/APP/amravatipo@ibl,,26245.00,33472109.61,S66871908,ICICI
TXN00000302,28-06-2026,UPI/9341001365/JII/jamnagarin@paytm,,250000.00,33722109.61,S57370485,ICICI
TXN00000303,09-08-2026,RTGS/ICICR52023081377/panipatplasticsandcompany,,500000.25,34222109.86,S88818513,ICICI
TXN00000304,06-08-2026,BIL/ONL/9944234502/AFL,,23049.00,34245158.86,S72332974,ICICI
TXN00000305,07-07-2026,MMT/IMPS/300000000305/AURANGABADENGINEERINGPVTLTD/UTIB,,19971.00,34265129.86,S29901397,ICICI
TXN00000306,20/06/26,NEFT CR-HDFC0009812-CHANDRAPUR ELECT-UTR1948578596,,100000.99,34365130.85,9242018519,HDFC
TXN00000307,08/07/26,IMPS-6999383072-HALDIA ENTERPRISES INDIA PRIVATE LIMITED-KKBK,,41533.12,34406663.97,2755349907,HDFC
TXN00000308,25/08/26,IMPS-300000000307-GODAVARI COLD STORAGE AND COMPANY-HDFC,,29292.00,34435955.97,1043007142,HDFC
TXN00000309,07/06/26,NEFT CR-HDFC0009812-KOLHAPUR CHEMICALS INDIA-UTR300000000308,,58584.00,34494539.97,4499765749,HDFC
TXN00000310,05/08/26,NEFT CR-HDFC0009812-AMRAVATI PLASTICS AND COMPANY-UTR300000000308,,19690.08,34514230.05,4934428464,HDFC
TXN00000311,24/06/26,NEFT CR-HDFC0000123-AMRAVATI AGRO EX-UTR300000000309,,12604.34,34526834.39,7348625126,HDFC
TXN00000312,02-08-2026,MMT/IMPS/300000000309/Nashik Diagnostics/AXIS,,219690.00,34746524.39,S90517094,ICICI
TXN00000313,28-07-2026,MMT/IMPS/300000000310/NAGPUR PACKAGING LLP/AXIS,,287061.84,35033586.23,S36013580,ICICI
TXN00000314,03-08-2026,MMT/IMPS/4787954570/DEHRADUN CHEMICALS INDIA PRIVATE LIMITED/KKBK,,23538.07,35057124.30,S42456377,ICICI
TXN00000315,05-08-2026,NEFT/ICICR52023994227/Jamnagar Bearings,,27356.77,35084481.07,S21551115,ICICI
TXN00000316,03/08/26,UPI-JODHPUR ELECTRICALS-JODHPURELE@OKHDFCBANK-9650920596,,47070.29,35131551.36,4553968136,HDFC
TXN00000317,04/07/26,IMPS-300000000312-CALICUT CHEMICALS INDIA PRIVATE LIMITED-SBIN,,41986.17,35173537.53,9508284782,HDFC
TXN00000318,16-08-2026,BIL/ONL/2551300014/AAE,,122050.24,35295587.77,S65268685,ICICI
TXN00000319,13-08-2026,MMT/IMPS/3106323399/GODAVARI MOTORS PRIVATE LIMITED/KKBK,,283096.44,35578684.21,S90762844,ICICI
TXN00000320,29-07-2026,MMT/IMPS/300000000315/BELGAUM REFRACTORIES LIMITED/AXIS,,19528.00,35598212.21,S60611260,ICICI
TXN00000321,03/08/26,NEFT CR-HDFC0000123-AMRAVATI DIAGNOSTICS LIMITED-UTR300000000316/,,23698.19,35621910.40,9850334737,HDFC
TXN00000322,09-08-2026,BIL/ONL/300000000317/UCI,,236288.80,35858199.20,S31065709,ICICI
TXN00000323,23/07/26,RTGS-HDFC0004567-JAMNAGAR ENGINEERING PVT LTD-300000000318,,195280.00,36053479.20,2255680756,HDFC
TXN00000324,23/08/26,UPI-KANPURGARMENTSPRIVATELIMITED-KANPURGARM@OKHDFCBANK-300000000319,,9246.51,36062725.71,5087347427,HDFC
TXN00000325,13-08-2026,BIL/ONL/6801645962/BCL,,12445.43,36075171.14,S34465392,ICICI
TXN00000326,05/06/26,RTGS-HDFC0000123-ANANTAPURCASTINGSLLP-300000000321/ ,,75401.51,36150572.65,4982982941,HDFC
TXN00000327,13-06-2026,NEFT/ICICR52024560905/CUTTACK CERAMICS PVT LTD,,4538.31,36155110.96,S76554253,ICICI
TXN00000328,07-07-2026,NEFT/ICICR52024117676/Dhanbad Fertilisers Private Limited,,25965.41,36181076.37,S59137801,ICICI
TXN00000329,07/07/26,RTGS-HDFC0002341-LUDHIANATRANSPORTANDCOMPANY-300000000324,,122050.24,36303126.61,7375061489,HDFC
TXN00000330,31-07-2026,MMT/IMPS/300000000325/AURANGABAD POLYMERS PRIVATE LIMITED/UTIB,,24938.23,36328064.84,S96628473,ICICI
TXN00000331,21/08/26,UPI-SILIGURI HOSPITALITY-SILIGURIHO@YBL-300000000326-PAYMENT FROM SHP,,29292.00,36357356.84,6614388108,HDFC
TXN00000332,03/06/26,NEFT-HDFC0009812-AMRAVATI AGRO EXPORTS PRIVATE LIMITED-300000000327,,26046.45,36383403.29,9476655674,HDFC
TXN00000333,22-06-2026,BIL/ONL/300000000328/AAE,,146460.00,36529863.29,S63776809,ICICI
TXN00000334,13/06/26,NEFT-HDFC0002341-AURANGABAD METALS LIMITED-300000000329,,51411.12,36581274.41,2854123438,HDFC
TXN00000335,04-08-2026,UPI/2003969674/Payment from/jamnagarin@apl/ICIC,,99804.68,36681079.09,S30321189,ICICI
TXN00000336,27/06/26,ACH C-KRISHNA HANDICRAFTS LLP-300000000331,,145483.60,36826562.69,2491374155,HDFC
TXN00000337,21-07-2026,NEFT/ICICR52024117363/TIRUPURPRINTERSPVTLTD,,39056.00,36865618.69,S47279808,ICICI
TXN00000338,02/06/26,UPI-BELGAUM AUTO COMPONENTS PVT LTD-BELGAUMAUT@OKAXIS-5721908516,,284132.40,37149751.09,5359953933,HDFC
TXN00000339,03/06/26,IMPS-6779345012-DEHRADUN PHARMACEUTICALS INDIA PRIVATE LIMITED-HDFC,,31350.49,37181101.58,7929988020,HDFC
TXN00000340,12/07/26,UPI-AMRAVATI ELECTRICALS LLP-AMRAVATIEL@YBL-1159800905-PAYMENT FROM AEL,,146460.00,37327561.58,8164076477,HDFC
TXN00000341,15/08/26,NEFT-HDFC0002341-BHAVNAGAR MEDIA PV-5778211600,,13851.21,37341412.79,2038426214,HDFC
TXN00000342,10/07/26,NEFT CR-HDFC0009812-KANPUR SPINNERS LL-UTR300000000337,,5561.09,37346973.88,7877421873,HDFC
TXN00000343,31/08/26,NEFT CR-HDFC0004567-SILIGURI CONTAINERS PVT LTD-UTR300000000338,,203091.69,37550065.57,9498356521,HDFC
TXN00000344,07/06/26,NEFT-HDFC0009812-MANGALORE ENGINEERING  PVT LTD-4560164377,,57923.95,37607989.52,9630725999,HDFC
TXN00000345,27/08/26,RTGS-HDFC0009812-HUBLI COLD STORAGE AND COMPANY-300000000340,,195280.24,37803269.76,8807509428,HDFC
TXN00000346,23/06/26,NEFT CR-HDFC0004567-JALANDHAR INFRAPROJECTS AND COMPANY-UTR7226447813,,39497.33,37842767.09,3095582497,HDFC
TXN00000347,26-07-2026,BIL/ONL/300000000342/BMP,,34631.93,37877399.02,S79360470,ICICI
TXN00000348,18-06-2026,MMT/IMPS/9162998750/aurangabad diagnostics  limited/KKBK,,195280.24,38072679.26,S16651939,ICICI
TXN00000349,22/07/26,RTGS-HDFC0009812-BHOPAL INFRAPROJEC-300000000344,,4882.97,38077562.23,8309979817,HDFC
TXN00000350,09-08-2026,UPI/5089894179/Payment from/bhopalagro@ibl/UTIB,,29292.97,38106855.20,S11222614,ICICI
TXN00000351,02-08-2026,NEFT/ICICR52024560849/AMRAVATI CONTAINERS PVT LTD,,49178.34,38156033.54,S83718548,ICICI
TXN00000352,19-06-2026,NEFT-ICICR52023081721-AMRAVATI  SPINNERS LLP ,,97640.49,38253674.03,S18112118,ICICI
TXN00000353,13/08/26,ACH C-ERNAKULAM DIAGNOSTICS P LTD-4846611733,,976.40,38254650.43,1086535341,HDFC
TXN00000354,29/08/26,IMPS-3884422146-COIMBATORE PACKAGING LLP-KKBK,,31466.44,38286116.87,8166399460,HDFC
TXN00000355,19-06-2026,NEFT-ICICR52023994671-dehradun dis,,45562.73,38331679.60,S34472681,ICICI
TXN00000356,07/08/26,UPI-INDORE BEARINGS LIMITED-INDOREBEAR@PAYTM-3206419717/ ,,48143.35,38379822.95,3159086153,HDFC
TXN00000357,03/08/26,RTGS-HDFC0002341-GWALIOR ELECTRICALS LLP-1783669405,,254840.40,38634663.35,5836169979,HDFC
TXN00000358,07-07-2026,UPI/2146710613/Payment from/chandrapur@ibl/HDFC,,58584.73,38693248.08,S29485165,ICICI
TXN00000359,19-08-2026,MMT/IMPS/300000000354/Coimbatore Enterprises India Private Limited/ICIC,,146460.49,38839708.57,S14797084,ICICI
TXN00000360,27/07/26,NEFT-HDFC0004567-JALANDHAR PHARMACE-300000000355,,12020.45,38851729.02,4259085960,HDFC
TXN00000361,29/06/26,NEFT-HDFC0002341-HUBLI SPINNERS LLP-7312108950,,17481.47,38869210.49,3780172601,HDFC
TXN00000362,05/07/26,ACH C-DHANBAD FERTILISERS PVT-300000000357,,92479.96,38961690.45,9301069958,HDFC
TXN00000363,23/06/26,RTGS-HDFC0009812-GUNTUR COLD-300000000358/,,34367.33,38996057.78,3021652245,HDFC
TXN00000364,30/06/26,RTGS-HDFC0009812-INDORE HANDICRAFTS-300000000359,,182996.88,39179054.66,3115898064,HDFC
TXN00000365,07-06-2026,MMT/IMPS/300000000360/AMRAVATI ENGINEERING/SBIN,,58584.24,39237638.90,S75501614,ICICI
TXN00000366,28/07/26,UPI-MEERUT FABRICATORS AND COMPANY-MEERUTFABR@YBL-6155468017-PAYMENT FROM MFA-,,127484.64,39365123.54,9856658971,HDFC
TXN00000367,26-08-2026,UPI/300000000362/Payment from/anantapura@apl/AXIS,,171461.25,39536584.79,S23110163,ICICI
TXN00000368,14/07/26,IMPS-2899653478-RAJKOT CASTINGS-UTIB,,150000.00,39686584.79,7688573841,HDFC
TXN00000369,25-06-2026,UPI/300000000364/BPP/bhopalpoly@ibl,,89035.00,39775619.79,S36263423,ICICI
TXN00000370,18-06-2026,UPI/4752478941/Payment from/amravatica@ibl/KKBK/,,87568.00,39863187.79,S50640871,ICICI
TXN00000371,14-06-2026,MMT/IMPS/300000000366/Dhanbad  Hosp/SBIN,,149000.00,40012187.79,S76684204,ICICI
TXN00000372,06/08/26,UPI-RAIPUR AGRO EXPORTS PRIVATE LIMITED-RAIPURAGRO@OKAXIS-2375515329-PAYMENT FROM RAE,,5736.60,40017924.39,5805626600,HDFC
TXN00000373,06/06/26,UPI-LUDHIANA PLASTICS-LUDHIANAPL@OKAXIS-300000000368,,15998.40,40033922.79,5612317457,HDFC
TXN00000374,18/07/26,IMPS-300000000369-CUTTACKCASTINGSLLP-HDFC,,139096.35,40173019.14,6446249673,HDFC
TXN00000375,13/08/26,UPI-COIMBATORE HOSPITALITY PVT LTD-COIMBATORE@PAYTM-300000000370-PAYMENT FROM CHP/,,12000.00,40185019.14,4022455949,HDFC
TXN00000376,31/07/26,UPI-AMRAVATIAGROEXPORTSPRIVATELIMITED-AMRAVATIAG@OKHDFCBANK-2781589085,,11250.56,40196269.70,9945172234,HDFC
TXN00000377,19/08/26,UPI-NARMADACHEMICALSINDIAPRIVATELIMITED-NARMADACHE@YBL-4708897083-PAYMENT FROM NCI,,52161.10,40248430.80,9730954374,HDFC
TXN00000378,12-07-2026,NEFT-ICICR52024117472-CALICUT PHARMACEUTICALS INDIA PRIVATE LIMITED,,26920.80,40275351.60,S91065093,ICICI
TXN00000379,09/07/26,NEFT-HDFC0004567-AURANGABAD BEARINGS LIMITED-300000000374,,55359.50,40330711.10,9372082993,HDFC
TXN00000380,25-06-2026,RTGS/ICICR52023994165/Bhilai Auto Compon,,15000.38,40345711.48,S75479574,ICICI
TXN00000381,24-07-2026,BIL/ONL/6210501898/GDP,,7794.00,40353505.48,S43258173,ICICI
TXN00000382,29/08/26,UPI-ANANTAPUR PO-ANANTAPURP@IBL-300000000377-PAYMENT FROM APP,,247350.00,40600855.48,9026411247,HDFC
TXN00000383,22/06/26,RTGS-HDFC0004567-JAMNAGARFABRICATORSANDCOMPANY-8832806732,,20532.81,40621388.29,5494834461,HDFC
TXN00000384,11/08/26,UPI-RAIPUR COLD STOR-RAIPURCOLD@OKHDFCBANK-300000000379,,43800.15,40665188.44,3214525209,HDFC
TXN00000385,24-07-2026,NEFT/ICICR52024560674/Guntur Diagnostics L,,8000.00,40673188.44,S55982285,ICICI
TXN00000386,14/07/26,UPI-AURANGABAD HOSPITALITY PVT LTD-AURANGABAD@IBL-2100734198,,31733.40,40704921.84,3366058378,HDFC
TXN00000387,08-06-2026,UPI/8134307423/CCL/cuttackcas@apl,,50531.40,40755453.24,S48773150,ICICI
TXN00000388,06-08-2026,UPI/8208954770/ABL/amravatibe@ybl,,11913.60,40767366.84,S61005042,ICICI
TXN00000389,23/07/26,NEFT CR-HDFC0009812-DHANBAD AUTO COMPO-UTR300000000384,,23797.50,40791164.34,6143544775,HDFC
TXN00000390,22/07/26,NEFT CR-HDFC0000123-BHOPAL AUTO COMPONEN-UTR300000000385,,11741.20,40802905.54,2669625228,HDFC
TXN00000391,29-07-2026,BIL/ONL/7022406605/ECP,,79277.50,40882183.04,S74995841,ICICI
TXN00000392,01-08-2026,UPI/300000000387/Payment from/anantapurf@apl/UTIB,,69000.00,40951183.04,S81815336,ICICI
TXN00000393,10/07/26,UPI-AMRAVATI AGRO EXPORTS PRIVATE LIMITED-AMRAVATIAG@APL-300000000388-PAYMENT FROM AAE,,17000.00,40968183.04,9409497073,HDFC
TXN00000394,16/06/26,NEFT CR-HDFC0002341-GWALIOR FERTILISERS PRIVATE LIMITED-UTR300000000389,,179216.25,41147399.29,3122748510,HDFC
TXN00000395,09/08/26,ACH C-CHANDRAPUR  MOTORS PRIVATE LIMITED-300000000390,,240345.15,41387744.44,2963547460,HDFC
TXN00000396,31-08-2026,NEFT/ICICR52024560818/ANANTAPURCASTINGSLLP,,6042.65,41393787.09,S95991073,ICICI
TXN00000397,08-07-2026,MMT/IMPS/300000000392/aurangabad electricals p ltd/KKBK,,43599.90,41437386.99,S48951257,ICICI
TXN00000398,25-06-2026,UPI/1086737472/Payment from/kolhapurfo@ibl/ICIC,,286754.30,41724141.29,S38580383,ICICI
TXN00000399,01/07/26,UPI-AMRAVATI AUTO COMPONENTS PVT LTD-AMRAVATIAU@OKHDFCBANK-300000000394-PAYMENT FROM AAC,,2994.55,41727135.84,3180055511,HDFC
TXN00000400,26/08/26,ACH C-BHAVNAGAR DIAGNOSTICS LIMITED-7436342335,,134400.59,41861536.43,5929013526,HDFC
TXN00000401,29/07/26,IMPS-1661460268-AURANGABAD FABRICATORS  AND COMPANY-AXIS,,8480.40,41870016.83,5198995852,HDFC
TXN00000402,23-07-2026,UPI/8371433567/Payment from/anantapure@okhdfcbank/KKBK,,23877.85,41893894.68,S40485280,ICICI
TXN00000403,11/08/26,RTGS-HDFC0002341-AURANGABAD PLASTICS AND COMPANY-300000000398,,13164.44,41907059.12,2059484849,HDFC
TXN00000404,28-08-2026,MMT/IMPS/300000000399/chandrapur engineeri/UTIB,,323200.00,42230259.12,S34650134,ICICI
TXN00000405,24-06-2026,MMT/IMPS/3482672918/Coimbatore Garments Private Limited/AXIS,,163332.49,42393591.61,S89102543,ICICI
TXN00000406,12/08/26,IMPS-300000000401-CHANDRAPURFERTILISERSPRIVATELIMITED-UTIB,,4992.73,42398584.34,6081484414,HDFC
TXN00000407,01-07-2026,UPI/300000000402/BFL/bhilaiforg@apl,,161600.32,42560184.66,S36389082,ICICI
TXN00000408,26-07-2026,BIL/ONL/300000000403/BHL,,75051.67,42635236.33,S37388801,ICICI
TXN00000409,10-08-2026,NEFT/ICICR52023081421/RAIPUR GARMENTS PRIVATE LIMITED,,13146.00,42648382.33,S35170658,ICICI
TXN00000410,12-06-2026,MMT/IMPS/300000000405/TRICHY TRADERS INDIA PRIVATE LIMITED/UTIB,,221945.89,42870328.22,S91634260,ICICI
TXN00000411,12-06-2026,MMT/IMPS/300000000406/JODHPUR TEXTILES PVT LTD/AXIS,,36809.24,42907137.46,S88351922,ICICI
TXN00000412,30-08-2026,NEFT/ICICR52023081329/Gandhinagar Engi,,71104.00,42978241.46,S86897615,ICICI
TXN00000413,13/07/26,NEFT-HDFC0009812-BHAVNAGAR AGRO EXP-9126909906,,5338.62,42983580.08,9535354743,HDFC
TXN00000414,06-07-2026,NEFT/ICICR52023081724/dehradun industries india,,60082.72,43043662.80,S58256831,ICICI
TXN00000415,20/06/26,NEFT CR-HDFC0000123-ERNAKULAM PRINTERS PVT LTD-UTR300000000410,,59121.07,43102783.87,3470507111,HDFC
TXN00000416,16-08-2026,BIL/ONL/300000000411/GSS,,56653.39,43159437.26,S29394783,ICICI
TXN00000417,19-08-2026,MMT/IMPS/300000000412/Anantapur Software Services Private Limited/UTIB ,,80745.60,43240182.86,S17712403,ICICI
TXN00000418,29/08/26,UPI-AMRAVATI COLD STORAGE AND COMPANY-AMRAVATICO@PAYTM-300000000413-PAYMENT FROM ACS,,17876.61,43258059.47,7797337189,HDFC
TXN00000419,28/07/26,IMPS-5250401642-RAJKOT CASTINGS LLP-UTIB,,129280.32,43387339.79,6812817203,HDFC
TXN00000420,09/08/26,NEFT CR-HDFC0009812-JODHPUR  POLYMERS-UTR300000000415,,14894.42,43402234.21,6819020546,HDFC
TXN00000421,21-08-2026,UPI/300000000416/Payment from/varanasisp@okhdfcbank/SBIN,,10589.97,43412824.18,S25499047,ICICI
TXN00000422,26/07/26,NEFT CR-HDFC0000123-HOSUR AGRO EXPORTS-UTR9904738795,,25000.02,43437824.20,8262545394,HDFC
TXN00000423,06-07-2026,NEFT/ICICR52024117956/SALEM MOTORS PVT,,150001.01,43587825.21,S21734078,ICICI
TXN00000424,03-07-2026,UPI/300000000419/Payment from/amravatime@paytm/ICIC,,121999.95,43709825.16,S68422044,ICICI
TXN00000425,08/07/26,UPI-AMRAVATI AGRO EXPORTS PRIVATE LIMITED-AMRAVATIAG@IBL-300000000420-PAYMENT FROM AAE,,177967.99,43887793.15,1841863782,HDFC
TXN00000426,08/06/26,NEFT CR-HDFC0004567-KRISHNAFOODSPVTLTD-UTR300000000421,,120258.96,44008052.11,7170864010,HDFC
TXN00000427,07/06/26,UPI-ANANTAPURCABLESPRIVATELIMITED-ANANTAPURC@OKHDFCBANK-2580546464-PAYMENT FROM ACP,,20000.02,44028052.13,5153617964,HDFC
TXN00000428,11-08-2026,UPI/2381890625/UMP/udaipurmed@apl,,44030.98,44072083.11,S22121753,ICICI
TXN00000429,01/06/26,NEFT CR-HDFC0002341-AMRAVATICERAMICSPVTLTD-UTR300000000424,,40866.03,44112949.14,8048057073,HDFC
TXN00000430,20/08/26,NEFT CR-HDFC0004567-HOSUR ELECTRICALS LLP-UTR3952499507,,122999.97,44235949.11,3331966736,HDFC
TXN00000431,01/08/26,RTGS-HDFC0000123-CALICUT  CHEM-300000000426,,99999.99,44335949.10,5595876172,HDFC
TXN00000432,24-08-2026,MMT/IMPS/300000000427/CUTTACK LOGISTIC/ICIC,,40532.80,44376481.90,S88169498,ICICI
TXN00000433,07-06-2026,UPI/6575537819/Payment from/amravatidi@okhdfcbank/ICIC,,7420.50,44383902.40,S27479507,ICICI
TXN00000434,21-07-2026,UPI/8656520707/CFP/calicutfoo@okaxis,,110200.71,44494103.11,S45643534,ICICI
TXN00000435,18/07/26,UPI-AMRAVATI AGRO EXPORTS PRIVATE LIMITED-AMRAVATIAG@OKHDFCBANK-5480453727,,27990.98,44522094.09,1080201132,HDFC
TXN00000436,25/08/26,UPI-AMRAVATICHEMICALSINDIAPRIVATELIMITED-AMRAVATICH@YBL-7493292881,,35661.10,44557755.19,3792963661,HDFC
TXN00000437,29/08/26,RTGS-HDFC0004567-DHANBAD INDUSTRI-300000000432,,9000.67,44566755.86,9227589974,HDFC
TXN00000438,02/07/26,IMPS-300000000433-CALICUTCOLDSTORAGEANDCOMPANY-AXIS,,28420.00,44595175.86,9041107759,HDFC
TXN00000439,25-08-2026,NEFT/ICICR52024560233/AMRAVATI CHEMICALS INDIA PRIVATE LIMITED-,,9268.19,44604444.05,S59997823,ICICI
TXN00000440,02/06/26,NEFT CR-HDFC0009812-AMRAVATI HOSPITALITY PVT LTD-UTR6883695972 ,,18000.00,44622444.05,6575437937,HDFC
TXN00000441,17-06-2026,BIL/ONL/3385867320/AIA,,12756.66,44635200.71,S63261397,ICICI
TXN00000442,11-06-2026,NEFT/ICICR52023081981/Chennai Hospitality Pvt Ltd,,128250.00,44763450.71,S24884588,ICICI
TXN00000443,13-07-2026,UPI/300000000438/AHP/anantapurh@okaxis,,68889.01,44832339.72,S99382322,ICICI
TXN00000444,23/08/26,NEFT CR-HDFC0004567-PANIPAT HANDICRAFTS LLP-UTR1211860810,,263736.00,45096075.72,8102265859,HDFC
TXN00000445,03-08-2026,NEFT-ICICR52023994308-BHOPAL POLYM,,29970.00,45126045.72,S28107304,ICICI
TXN00000446,24/08/26,IMPS-1909813713-SURAT SOFTWARE SERVICES PRIVATE LIMITED-SBIN,,201400.00,45327445.72,5446013303,HDFC
TXN00000447,28-08-2026,NEFT-ICICR52024560682-Narmada Chemicals India Private Limited,,249750.00,45577195.72,S15228221,ICICI
TXN00000448,21-06-2026,MMT/IMPS/300000000443/SOLAPUR CONSTRUCTIONS/KKBK,,18114.87,45595310.59,S49568989,ICICI
TXN00000449,09-06-2026,UPI/300000000444/Payment from/aurangabad@ybl/KKBK,,45000.00,45640310.59,S74001190,ICICI
TXN00000450,21-07-2026,NEFT/ICICR52024117332/AMRAVATI AGRO EXPORT,,80303.89,45720614.48,S81488460,ICICI
TXN00000451,15/07/26,IMPS-300000000446-GWALIOR REFRACTORIES LIMITED-SBIN,,6284.71,45726899.19,2245612698,HDFC
TXN00000452,17-07-2026,MMT/IMPS/300000000447/AURANGABAD CERAMICS PVT LTD/HDFC,,54263.67,45781162.86,S36145707,ICICI
TXN00000453,18/06/26,NEFT-HDFC0009812-JABALPUR PHARMACEUTICALS INDIA PRIVATE LIMITED-300000000448,,87075.90,45868238.76,7883047893,HDFC
TXN00000454,12-06-2026,RTGS/ICICR52024560998/HALDIA LOGISTICS PRI ,,53319.84,45921558.60,S62533377,ICICI
TXN00000455,06-06-2026,BIL/ONL/300000000450/CII,,57000.00,45978558.60,S33716627,ICICI
TXN00000456,23/08/26,ACH C-JODHPUR TRANSPORT AND COMPANY-3858047164,,79959.59,46058518.19,8160529390,HDFC
