entity_id,type,payment_id,order_id,order_receipt,settlement_id,settlement_utr,amount,fee,tax,debit,credit,net_amount,currency,method,created_at,settled_at
pay_000000000001,payment,pay_000000000001,order_000000000001,INV-2026-000001,setl_000000000001,300000000001,31527800,630556,113500,0,30783744,30783744,INR,card,1782473400,1782473400
pay_000000000002,payment,pay_000000000002,order_000000000002,INV-2026-000002,setl_000000000001,300000000001,7085899,141718,25509,0,6918672,6918672,INR,netbanking,1782473400,1782473400
pay_000000000003,payment,pay_000000000003,order_000000000003,INV-2026-000003,setl_000000000001,300000000001,38322250,766445,137960,0,37417845,37417845,INR,upi,1782300600,1782473400
pay_000000000004,payment,pay_000000000004,order_000000000004,INV-2026-000004,setl_000000000001,300000000001,49297925,985959,177473,0,48134493,48134493,INR,card,1782387000,1782473400
pay_000000000005,payment,pay_000000000005,order_000000000005,INV-2026-000005,setl_000000000001,300000000001,22206075,444122,79942,0,21682011,21682011,INR,card,1782300600,1782473400
pay_000000000006,payment,pay_000000000006,order_000000000006,INV-2026-000006,setl_000000000002,300000000002,14224225,284485,51207,0,13888533,13888533,INR,wallet,1780745400,1780745400
pay_000000000007,payment,pay_000000000007,order_000000000007,INV-2026-000007,setl_000000000002,300000000002,10783100,215662,38819,0,10528619,10528619,INR,upi,1780572600,1780745400
pay_000000000008,payment,pay_000000000008,order_000000000008,INV-2026-000008,setl_000000000002,300000000002,24326625,486533,87576,0,23752516,23752516,INR,wallet,1780745400,1780745400
pay_000000000009,payment,pay_000000000009,order_000000000009,INV-2026-000009,setl_000000000002,300000000002,2790500,55810,10046,0,2724644,2724644,INR,card,1780745400,1780745400
pay_000000000010,payment,pay_000000000010,order_000000000010,INV-2026-000010,setl_000000000003,300000000003,16342825,326857,58834,0,15957134,15957134,INR,wallet,1781868600,1781868600
pay_000000000011,payment,pay_000000000011,order_000000000011,INV-2026-000011,setl_000000000003,300000000003,17385600,347712,62588,0,16975300,16975300,INR,wallet,1781695800,1781868600
pay_000000000012,payment,pay_000000000012,order_000000000012,INV-2026-000012,setl_000000000003,300000000003,10627499,212550,38259,0,10376690,10376690,INR,card,1781868600,1781868600
pay_000000000013,payment,pay_000000000013,order_000000000013,INV-2026-000013,setl_000000000003,300000000003,23324500,466490,83968,0,22774042,22774042,INR,wallet,1781695800,1781868600
pay_000000000014,payment,pay_000000000014,order_000000000014,INV-2026-000014,setl_000000000003,300000000003,43360799,867216,156099,0,42337484,42337484,INR,netbanking,1781868600,1781868600
pay_000000000015,payment,pay_000000000015,order_000000000015,INV-2026-000015,setl_000000000004,300000000004,46259925,925199,166536,0,45168190,45168190,INR,wallet,1782473400,1782559800
pay_000000000016,payment,pay_000000000016,order_000000000016,INV-2026-000016,setl_000000000004,300000000004,41936300,838726,150971,0,40946603,40946603,INR,upi,1782473400,1782559800
pay_000000000017,payment,pay_000000000017,order_000000000017,INV-2026-000017,setl_000000000004,300000000004,45076899,901538,162277,0,44013084,44013084,INR,card,1782473400,1782559800
pay_000000000018,payment,pay_000000000018,order_000000000018,INV-2026-000018,setl_000000000004,300000000004,35663700,713274,128389,0,34822037,34822037,INR,netbanking,1782387000,1782559800
pay_000000000019,payment,pay_000000000019,order_000000000019,INV-2026-000019,setl_000000000004,300000000004,684525,13691,2464,0,668370,668370,INR,netbanking,1782559800,1782559800
pay_000000000020,payment,pay_000000000020,order_000000000020,INV-2026-000020,setl_000000000005,300000000005,37886700,757734,136392,0,36992574,36992574,INR,card,1787916600,1787916600
pay_000000000021,payment,pay_000000000021,order_000000000021,INV-2026-000021,setl_000000000005,300000000005,20209300,404186,72753,0,19732361,19732361,INR,upi,1787830200,1787916600
pay_000000000022,payment,pay_000000000022,order_000000000022,INV-2026-000022,setl_000000000005,300000000005,46369550,927391,166930,0,45275229,45275229,INR,netbanking,1787830200,1787916600
pay_000000000023,payment,pay_000000000023,order_000000000023,INV-2026-000023,setl_000000000005,300000000005,3753025,75061,13511,0,3664453,3664453,INR,netbanking,1787830200,1787916600
pay_000000000024,payment,pay_000000000024,order_000000000024,INV-2026-000024,setl_000000000006,300000000006,17760400,355208,63937,0,17341255,17341255,INR,upi,1784374200,1784460600
pay_000000000025,payment,pay_000000000025,order_000000000025,INV-2026-000025,setl_000000000006,300000000006,35073200,701464,126264,0,34245472,34245472,INR,netbanking,1784287800,1784460600
pay_000000000026,payment,pay_000000000026,order_000000000026,INV-2026-000026,setl_000000000006,300000000006,44688300,893766,160878,0,43633656,43633656,INR,card,1784287800,1784460600
pay_000000000027,payment,pay_000000000027,order_000000000027,INV-2026-000027,setl_000000000006,300000000006,41492175,829844,149372,0,40512959,40512959,INR,wallet,1784374200,1784460600
pay_000000000028,payment,pay_000000000028,order_000000000028,INV-2026-000028,setl_000000000006,300000000006,39055499,781110,140600,0,38133789,38133789,INR,card,1784287800,1784460600
pay_000000000029,payment,pay_000000000029,order_000000000029,INV-2026-000029,setl_000000000007,300000000007,39346999,786940,141649,0,38418410,38418410,INR,wallet,1782991800,1783164600
pay_000000000030,payment,pay_000000000030,order_000000000030,INV-2026-000030,setl_000000000007,300000000007,24637925,492759,88697,0,24056469,24056469,INR,netbanking,1782991800,1783164600
pay_000000000031,payment,pay_000000000031,order_000000000031,INV-2026-000031,setl_000000000007,300000000007,10600675,212014,38163,0,10350498,10350498,INR,upi,1783164600,1783164600
pay_000000000032,payment,pay_000000000032,order_000000000032,INV-2026-000032,setl_000000000007,300000000007,42377300,847546,152558,0,41377196,41377196,INR,upi,1783164600,1783164600
pay_000000000033,payment,pay_000000000033,order_000000000033,INV-2026-000033,setl_000000000007,300000000007,3157250,63145,11366,0,3082739,3082739,INR,netbanking,1783078200,1783164600
pay_000000000034,payment,pay_000000000034,order_000000000034,INV-2026-000034,setl_000000000008,300000000008,13215900,264318,47577,0,12904005,12904005,INR,wallet,1784201400,1784287800
pay_000000000035,payment,pay_000000000035,order_000000000035,INV-2026-000035,setl_000000000008,300000000008,30124099,602482,108447,0,29413170,29413170,INR,wallet,1784115000,1784287800
pay_000000000036,payment,pay_000000000036,order_000000000036,INV-2026-000036,setl_000000000008,300000000008,9729399,194588,35026,0,9499785,9499785,INR,wallet,1784201400,1784287800
pay_000000000037,payment,pay_000000000037,order_000000000037,INV-2026-000037,setl_000000000008,300000000008,34965700,699314,125877,0,34140509,34140509,INR,card,1784287800,1784287800
pay_000000000038,payment,pay_000000000038,order_000000000038,INV-2026-000038,setl_000000000008,300000000008,24210525,484211,87158,0,23639156,23639156,INR,upi,1784287800,1784287800
pay_000000000039,payment,pay_000000000039,order_000000000039,INV-2026-000039,setl_000000000009,300000000009,2603800,52076,9374,0,2542350,2542350,INR,card,1780486200,1780659000
pay_000000000040,payment,pay_000000000040,order_000000000040,INV-2026-000040,setl_000000000009,300000000009,29211999,584240,105163,0,28522596,28522596,INR,card,1780572600,1780659000
pay_000000000041,payment,pay_000000000041,order_000000000041,INV-2026-000041,setl_000000000010,300000000010,42840025,856801,154224,0,41829000,41829000,INR,upi,1787484600,1787484600
pay_000000000042,payment,pay_000000000042,order_000000000042,INV-2026-000042,setl_000000000010,300000000010,38097600,761952,137151,0,37198497,37198497,INR,card,1787484600,1787484600
pay_000000000043,payment,pay_000000000043,order_000000000043,INV-2026-000043,setl_000000000010,300000000010,28690600,573812,103286,0,28013502,28013502,INR,wallet,1787484600,1787484600
pay_000000000044,payment,pay_000000000044,order_000000000044,INV-2026-000044,setl_000000000011,300000000011,27428075,548562,98741,0,26780772,26780772,INR,card,1787398200,1787398200
pay_000000000045,payment,pay_000000000045,order_000000000045,INV-2026-000045,setl_000000000011,300000000011,19857175,397144,71486,0,19388545,19388545,INR,card,1787398200,1787398200
pay_000000000046,payment,pay_000000000046,order_000000000046,INV-2026-000046,setl_000000000011,300000000011,29813950,596279,107330,0,29110341,29110341,INR,upi,1787225400,1787398200
pay_000000000047,payment,pay_000000000047,order_000000000047,INV-2026-000047,setl_000000000012,300000000012,22513199,450264,81048,0,21981887,21981887,INR,upi,1785756600,1785756600
pay_000000000048,payment,pay_000000000048,order_000000000048,INV-2026-000048,setl_000000000012,300000000012,18646200,372924,67126,0,18206150,18206150,INR,netbanking,1785583800,1785756600
pay_000000000049,payment,pay_000000000049,order_000000000049,INV-2026-000049,setl_000000000012,300000000012,44485200,889704,160147,0,43435349,43435349,INR,netbanking,1785583800,1785756600
pay_000000000050,payment,pay_000000000050,order_000000000050,INV-2026-000050,setl_000000000012,300000000012,42330799,846616,152391,0,41331792,41331792,INR,wallet,1785756600,1785756600
pay_000000000051,payment,pay_000000000051,order_000000000051,INV-2026-000051,setl_000000000013,300000000013,12775475,255510,45992,0,12473973,12473973,INR,card,1782559800,1782646200
pay_000000000052,payment,pay_000000000052,order_000000000052,INV-2026-000052,setl_000000000013,300000000013,44326525,886531,159576,0,43280418,43280418,INR,wallet,1782646200,1782646200
pay_000000000053,payment,pay_000000000053,order_000000000053,INV-2026-000053,setl_000000000013,300000000013,326425,6529,1175,0,318721,318721,INR,card,1782646200,1782646200
pay_000000000054,payment,pay_000000000054,order_000000000054,INV-2026-000054,setl_000000000013,300000000013,7007700,140154,25228,0,6842318,6842318,INR,netbanking,1782473400,1782646200
pay_000000000055,payment,pay_000000000055,order_000000000055,INV-2026-000055,setl_000000000013,300000000013,3312300,66246,11924,0,3234130,3234130,INR,wallet,1782646200,1782646200
pay_000000000056,payment,pay_000000000056,order_000000000056,INV-2026-000056,setl_000000000014,300000000014,37611199,752224,135400,0,36723575,36723575,INR,wallet,1782559800,1782559800
pay_000000000057,payment,pay_000000000057,order_000000000057,INV-2026-000057,setl_000000000014,300000000014,32154200,643084,115755,0,31395361,31395361,INR,card,1782559800,1782559800
pay_000000000058,payment,pay_000000000058,order_000000000058,INV-2026-000058,setl_000000000014,300000000014,25025575,500512,90092,0,24434971,24434971,INR,card,1782559800,1782559800
pay_000000000059,payment,pay_000000000059,order_000000000059,INV-2026-000059,setl_000000000015,300000000015,3358600,67172,12091,0,3279337,3279337,INR,upi,1785065400,1785065400
pay_000000000060,payment,pay_000000000060,order_000000000060,INV-2026-000060,setl_000000000015,300000000015,34862400,697248,125505,0,34039647,34039647,INR,netbanking,1785065400,1785065400
pay_000000000061,payment,pay_000000000061,order_000000000061,INV-2026-000061,setl_000000000016,300000000016,18709500,0,0,0,18709500,18709500,INR,upi,1781868600,1782041400
pay_000000000062,payment,pay_000000000062,order_000000000062,INV-2026-000062,setl_000000000017,300000000017,33917100,0,0,0,33917100,33917100,INR,wallet,1785065400,1785065400
pay_000000000063,payment,pay_000000000063,order_000000000063,INV-2026-000063,setl_000000000018,300000000018,48875600,0,0,0,48875600,48875600,INR,netbanking,1782732600,1782819000
pay_000000000064,payment,pay_000000000064,order_000000000064,INV-2026-000064,setl_000000000019,300000000019,40185399,0,0,0,40185399,40185399,INR,netbanking,1785151800,1785238200
pay_000000000065,payment,pay_000000000065,order_000000000065,INV-2026-000065,setl_000000000020,300000000020,36617900,0,0,0,36617900,36617900,INR,upi,1780831800,1781004600
pay_000000000066,payment,pay_000000000066,order_000000000066,INV-2026-000066,setl_000000000021,300000000021,22629499,0,0,0,22629499,22629499,INR,card,1783423800,1783423800
pay_000000000067,payment,pay_000000000067,order_000000000067,INV-2026-000067,setl_000000000022,300000000022,38247700,0,0,0,38247700,38247700,INR,upi,1780659000,1780831800
pay_000000000068,payment,pay_000000000068,order_000000000068,INV-2026-000068,setl_000000000023,300000000023,10078500,0,0,0,10078500,10078500,INR,card,1785929400,1785929400
pay_000000000069,payment,pay_000000000069,order_000000000069,INV-2026-000069,setl_000000000024,300000000024,4486100,0,0,0,4486100,4486100,INR,card,1782387000,1782387000
pay_000000000070,payment,pay_000000000070,order_000000000070,INV-2026-000070,setl_000000000025,300000000025,21308300,0,0,0,21308300,21308300,INR,wallet,1785843000,1785843000
pay_000000000071,payment,pay_000000000071,order_000000000071,INV-2026-000071,setl_000000000026,300000000026,31753100,0,0,0,31753100,31753100,INR,netbanking,1786447800,1786447800
pay_000000000072,payment,pay_000000000072,order_000000000072,INV-2026-000072,setl_000000000027,300000000027,1826175,0,0,0,1826175,1826175,INR,card,1784028600,1784115000
pay_000000000073,payment,pay_000000000073,order_000000000073,INV-2026-000073,setl_000000000028,300000000028,3409000,0,0,0,3409000,3409000,INR,upi,1787830200,1787830200
pay_000000000074,payment,pay_000000000074,order_000000000074,INV-2026-000074,setl_000000000029,300000000029,7566700,0,0,0,7566700,7566700,INR,card,1784806200,1784979000
pay_000000000075,payment,pay_000000000075,order_000000000075,INV-2026-000075,setl_000000000030,300000000030,6751350,0,0,0,6751350,6751350,INR,card,1781004600,1781091000
pay_000000000076,payment,pay_000000000076,order_000000000076,INV-2026-000076,setl_000000000031,300000000031,38278700,0,0,0,38278700,38278700,INR,card,1786966200,1786966200
pay_000000000077,payment,pay_000000000077,order_000000000077,INV-2026-000077,setl_000000000032,300000000032,29962350,0,0,0,29962350,29962350,INR,card,1784374200,1784460600
pay_000000000078,payment,pay_000000000078,order_000000000078,INV-2026-000078,setl_000000000033,300000000033,44183900,0,0,0,44183900,44183900,INR,wallet,1784547000,1784719800
pay_000000000079,payment,pay_000000000079,order_000000000079,INV-2026-000079,setl_000000000034,300000000034,16975050,0,0,0,16975050,16975050,INR,card,1784201400,1784287800
pay_000000000080,payment,pay_000000000080,order_000000000080,INV-2026-000080,setl_000000000035,300000000035,41810550,0,0,0,41810550,41810550,INR,upi,1782646200,1782819000
pay_000000000081,payment,pay_000000000081,order_000000000081,INV-2026-000081,setl_000000000036,300000000036,12917575,0,0,0,12917575,12917575,INR,netbanking,1784806200,1784806200
pay_000000000082,payment,pay_000000000082,order_000000000082,INV-2026-000082,setl_000000000037,300000000037,38725200,0,0,0,38725200,38725200,INR,wallet,1787139000,1787139000
pay_000000000083,payment,pay_000000000083,order_000000000083,INV-2026-000083,setl_000000000038,300000000038,32325350,0,0,0,32325350,32325350,INR,upi,1781350200,1781436600
pay_000000000084,payment,pay_000000000084,order_000000000084,INV-2026-000084,setl_000000000039,300000000039,6723425,0,0,0,6723425,6723425,INR,card,1782387000,1782387000
pay_000000000085,payment,pay_000000000085,order_000000000085,INV-2026-000085,setl_000000000040,300000000040,43546000,0,0,0,43546000,43546000,INR,card,1784115000,1784201400
pay_000000000086,payment,pay_000000000086,order_000000000086,INV-2026-000086,setl_000000000041,300000000041,34384600,0,0,0,34384600,34384600,INR,wallet,1787398200,1787484600
pay_000000000087,payment,pay_000000000087,order_000000000087,INV-2026-000087,setl_000000000042,300000000042,35442800,0,0,0,35442800,35442800,INR,netbanking,1783769400,1783942200
pay_000000000088,payment,pay_000000000088,order_000000000088,INV-2026-000088,setl_000000000043,300000000043,11679899,0,0,0,11679899,11679899,INR,card,1782991800,1782991800
pay_000000000089,payment,pay_000000000089,order_000000000089,INV-2026-000089,setl_000000000044,300000000044,46129575,0,0,0,46129575,46129575,INR,upi,1786707000,1786879800
pay_000000000090,payment,pay_000000000090,order_000000000090,INV-2026-000090,setl_000000000045,300000000045,22728000,0,0,0,22728000,22728000,INR,card,1786879800,1786879800
pay_000000000091,payment,pay_000000000091,order_000000000091,INV-2026-000091,setl_000000000046,300000000046,49470800,0,0,0,49470800,49470800,INR,upi,1783423800,1783596600
pay_000000000092,payment,pay_000000000092,order_000000000092,INV-2026-000092,setl_000000000047,300000000047,9008100,0,0,0,9008100,9008100,INR,upi,1782991800,1782991800
pay_000000000093,payment,pay_000000000093,order_000000000093,INV-2026-000093,setl_000000000048,300000000048,16911000,0,0,0,16911000,16911000,INR,netbanking,1784201400,1784201400
pay_000000000094,payment,pay_000000000094,order_000000000094,INV-2026-000094,setl_000000000049,300000000049,6590600,0,0,0,6590600,6590600,INR,upi,1782041400,1782127800
pay_000000000095,payment,pay_000000000095,order_000000000095,INV-2026-000095,setl_000000000050,300000000050,35664125,0,0,0,35664125,35664125,INR,netbanking,1785324600,1785497400
pay_000000000096,payment,pay_000000000096,order_000000000096,INV-2026-000096,setl_000000000051,300000000051,45625675,0,0,0,45625675,45625675,INR,card,1781004600,1781004600
pay_000000000097,payment,pay_000000000097,order_000000000097,INV-2026-000097,setl_000000000052,300000000052,49867800,0,0,0,49867800,49867800,INR,netbanking,1787225400,1787311800
pay_000000000098,payment,pay_000000000098,order_000000000098,INV-2026-000098,setl_000000000053,300000000053,25044500,0,0,0,25044500,25044500,INR,wallet,1787398200,1787484600
pay_000000000099,payment,pay_000000000099,order_000000000099,INV-2026-000099,setl_000000000054,300000000054,20501499,0,0,0,20501499,20501499,INR,card,1785929400,1786102200
pay_000000000100,payment,pay_000000000100,order_000000000100,INV-2026-000100,setl_000000000055,300000000055,254525,0,0,0,254525,254525,INR,netbanking,1781177400,1781263800
pay_000000000101,payment,pay_000000000101,order_000000000101,INV-2026-000101,setl_000000000056,300000000056,43035375,0,0,0,43035375,43035375,INR,upi,1785411000,1785497400
pay_000000000102,payment,pay_000000000102,order_000000000102,INV-2026-000102,setl_000000000057,300000000057,41249750,0,0,0,41249750,41249750,INR,upi,1781868600,1781868600
pay_000000000103,payment,pay_000000000103,order_000000000103,INV-2026-000103,setl_000000000058,300000000058,32650225,0,0,0,32650225,32650225,INR,wallet,1780745400,1780745400
pay_000000000104,payment,pay_000000000104,order_000000000104,INV-2026-000104,setl_000000000059,300000000059,16516250,0,0,0,16516250,16516250,INR,netbanking,1787484600,1787657400
pay_000000000105,payment,pay_000000000105,order_000000000105,INV-2026-000105,setl_000000000060,300000000060,24208500,0,0,0,24208500,24208500,INR,card,1787139000,1787225400
pay_000000000106,payment,pay_000000000106,order_000000000106,INV-2026-000106,setl_000000000061,300000000061,17325500,0,0,0,17325500,17325500,INR,netbanking,1782387000,1782559800
pay_000000000107,payment,pay_000000000107,order_000000000107,INV-2026-000107,setl_000000000062,300000000062,6248650,0,0,0,6248650,6248650,INR,wallet,1785843000,1785843000
pay_000000000108,payment,pay_000000000108,order_000000000108,INV-2026-000108,setl_000000000063,300000000063,29796399,0,0,0,29796399,29796399,INR,wallet,1783683000,1783683000
pay_000000000109,payment,pay_000000000109,order_000000000109,INV-2026-000109,setl_000000000064,300000000064,30389275,0,0,0,30389275,30389275,INR,card,1782127800,1782300600
pay_000000000110,payment,pay_000000000110,order_000000000110,INV-2026-000110,setl_000000000065,300000000065,32321099,0,0,0,32321099,32321099,INR,upi,1785065400,1785238200
pay_000000000111,payment,pay_000000000111,order_000000000111,INV-2026-000111,setl_000000000066,300000000066,11275399,0,0,0,11275399,11275399,INR,card,1786793400,1786879800
pay_000000000112,payment,pay_000000000112,order_000000000112,INV-2026-000112,setl_000000000067,300000000067,46673025,0,0,0,46673025,46673025,INR,wallet,1787311800,1787484600
pay_000000000113,payment,pay_000000000113,order_000000000113,INV-2026-000113,setl_000000000068,300000000068,30574200,0,0,0,30574200,30574200,INR,netbanking,1781091000,1781177400
pay_000000000114,payment,pay_000000000114,order_000000000114,INV-2026-000114,setl_000000000069,300000000069,47191075,0,0,0,47191075,47191075,INR,netbanking,1782819000,1782819000
pay_000000000115,payment,pay_000000000115,order_000000000115,INV-2026-000115,setl_000000000070,300000000070,46583725,0,0,0,46583725,46583725,INR,netbanking,1784806200,1784806200
pay_000000000116,payment,pay_000000000116,order_000000000116,INV-2026-000116,setl_000000000071,300000000071,30454075,0,0,0,30454075,30454075,INR,netbanking,1786447800,1786534200
pay_000000000117,payment,pay_000000000117,order_000000000117,INV-2026-000117,setl_000000000072,300000000072,40251450,0,0,0,40251450,40251450,INR,card,1781609400,1781695800
pay_000000000118,payment,pay_000000000118,order_000000000118,INV-2026-000118,setl_000000000073,300000000073,12758075,0,0,0,12758075,12758075,INR,netbanking,1783164600,1783337400
pay_000000000119,payment,pay_000000000119,order_000000000119,INV-2026-000119,setl_000000000074,300000000074,7974100,0,0,0,7974100,7974100,INR,netbanking,1782300600,1782300600
pay_000000000120,payment,pay_000000000120,order_000000000120,INV-2026-000120,setl_000000000075,300000000075,17697225,0,0,0,17697225,17697225,INR,upi,1780313400,1780399800
pay_000000000121,payment,pay_000000000121,order_000000000121,INV-2026-000121,setl_000000000076,300000000076,45124300,0,0,0,45124300,45124300,INR,card,1786707000,1786879800
pay_000000000122,payment,pay_000000000122,order_000000000122,INV-2026-000122,setl_000000000077,300000000077,2837850,0,0,0,2837850,2837850,INR,netbanking,1784460600,1784547000
pay_000000000123,payment,pay_000000000123,order_000000000123,INV-2026-000123,setl_000000000078,300000000078,9267300,0,0,0,9267300,9267300,INR,upi,1784719800,1784892600
pay_000000000124,payment,pay_000000000124,order_000000000124,INV-2026-000124,setl_000000000079,300000000079,30900175,0,0,0,30900175,30900175,INR,wallet,1786275000,1786275000
pay_000000000125,payment,pay_000000000125,order_000000000125,INV-2026-000125,setl_000000000080,300000000080,29996675,0,0,0,29996675,29996675,INR,upi,1784547000,1784547000
pay_000000000126,payment,pay_000000000126,order_000000000126,INV-2026-000126,setl_000000000081,300000000081,36367075,0,0,0,36367075,36367075,INR,netbanking,1784460600,1784633400
pay_000000000127,payment,pay_000000000127,order_000000000127,INV-2026-000127,setl_000000000082,300000000082,10003900,0,0,0,10003900,10003900,INR,wallet,1781782200,1781868600
pay_000000000128,payment,pay_000000000128,order_000000000128,INV-2026-000128,setl_000000000083,300000000083,31811225,0,0,0,31811225,31811225,INR,wallet,1785583800,1785756600
pay_000000000129,payment,pay_000000000129,order_000000000129,INV-2026-000129,setl_000000000084,300000000084,21497400,0,0,0,21497400,21497400,INR,upi,1785324600,1785324600
pay_000000000130,payment,pay_000000000130,order_000000000130,INV-2026-000130,setl_000000000085,300000000085,36232200,0,0,0,36232200,36232200,INR,netbanking,1785670200,1785843000
pay_000000000131,payment,pay_000000000131,order_000000000131,INV-2026-000131,setl_000000000086,300000000086,12097675,0,0,0,12097675,12097675,INR,upi,1786188600,1786275000
pay_000000000132,payment,pay_000000000132,order_000000000132,INV-2026-000132,setl_000000000087,300000000087,22077850,0,0,0,22077850,22077850,INR,upi,1781523000,1781609400
pay_000000000133,payment,pay_000000000133,order_000000000133,INV-2026-000133,setl_000000000088,300000000088,31546975,0,0,0,31546975,31546975,INR,wallet,1784806200,1784806200
pay_000000000134,payment,pay_000000000134,order_000000000134,INV-2026-000134,setl_000000000089,300000000089,973775,0,0,0,973775,973775,INR,upi,1784547000,1784633400
pay_000000000135,payment,pay_000000000135,order_000000000135,INV-2026-000135,setl_000000000090,300000000090,20620600,0,0,0,20620600,20620600,INR,wallet,1782473400,1782559800
pay_000000000136,payment,pay_000000000136,order_000000000136,INV-2026-000136,setl_000000000091,300000000091,41976200,0,0,0,41976200,41976200,INR,netbanking,1781091000,1781177400
pay_000000000137,payment,pay_000000000137,order_000000000137,INV-2026-000137,setl_000000000092,300000000092,28544200,0,0,0,28544200,28544200,INR,upi,1781695800,1781868600
pay_000000000138,payment,pay_000000000138,order_000000000138,INV-2026-000138,setl_000000000093,300000000093,43455625,0,0,0,43455625,43455625,INR,card,1782127800,1782300600
pay_000000000139,payment,pay_000000000139,order_000000000139,INV-2026-000139,setl_000000000094,300000000094,19015799,0,0,0,19015799,19015799,INR,card,1787916600,1787916600
pay_000000000140,payment,pay_000000000140,order_000000000140,INV-2026-000140,setl_000000000095,300000000095,9953800,0,0,0,9953800,9953800,INR,netbanking,1786275000,1786275000
pay_000000000141,payment,pay_000000000141,order_000000000141,INV-2026-000141,setl_000000000096,300000000096,18203450,0,0,0,18203450,18203450,INR,card,1785065400,1785238200
pay_000000000142,payment,pay_000000000142,order_000000000142,INV-2026-000142,setl_000000000097,300000000097,11714700,0,0,0,11714700,11714700,INR,netbanking,1787484600,1787484600
pay_000000000143,payment,pay_000000000143,order_000000000143,INV-2026-000143,setl_000000000098,300000000098,28757900,0,0,0,28757900,28757900,INR,card,1787743800,1787830200
pay_000000000144,payment,pay_000000000144,order_000000000144,INV-2026-000144,setl_000000000099,300000000099,46368250,0,0,0,46368250,46368250,INR,netbanking,1783078200,1783251000
pay_000000000145,payment,pay_000000000145,order_000000000145,INV-2026-000145,setl_000000000100,300000000100,27589725,0,0,0,27589725,27589725,INR,upi,1787225400,1787311800
pay_000000000146,payment,pay_000000000146,order_000000000146,INV-2026-000146,setl_000000000101,300000000101,23327325,0,0,0,23327325,23327325,INR,upi,1786015800,1786015800
pay_000000000147,payment,pay_000000000147,order_000000000147,INV-2026-000147,setl_000000000102,300000000102,9334200,0,0,0,9334200,9334200,INR,card,1785756600,1785756600
pay_000000000148,payment,pay_000000000148,order_000000000148,INV-2026-000148,setl_000000000103,300000000103,19202950,0,0,0,19202950,19202950,INR,card,1782473400,1782473400
pay_000000000149,payment,pay_000000000149,order_000000000149,INV-2026-000149,setl_000000000104,300000000104,46650899,0,0,0,46650899,46650899,INR,wallet,1786102200,1786188600
pay_000000000150,payment,pay_000000000150,order_000000000150,INV-2026-000150,setl_000000000105,300000000105,48136375,0,0,0,48136375,48136375,INR,card,1780659000,1780831800
pay_000000000151,payment,pay_000000000151,order_000000000151,INV-2026-000151,setl_000000000106,300000000106,23942700,0,0,0,23942700,23942700,INR,card,1787484600,1787571000
pay_000000000152,payment,pay_000000000152,order_000000000152,INV-2026-000152,setl_000000000107,300000000107,26004475,0,0,0,26004475,26004475,INR,upi,1782473400,1782646200
pay_000000000153,payment,pay_000000000153,order_000000000153,INV-2026-000153,setl_000000000108,300000000108,3428450,0,0,0,3428450,3428450,INR,netbanking,1786879800,1787052600
pay_000000000154,payment,pay_000000000154,order_000000000154,INV-2026-000154,setl_000000000109,300000000109,36059750,0,0,0,36059750,36059750,INR,wallet,1786620600,1786620600
pay_000000000155,payment,pay_000000000155,order_000000000155,INV-2026-000155,setl_000000000110,300000000110,6211099,0,0,0,6211099,6211099,INR,upi,1787571000,1787571000
pay_000000000156,payment,pay_000000000156,order_000000000156,INV-2026-000156,setl_000000000111,300000000111,15680100,0,0,0,15680100,15680100,INR,card,1781091000,1781263800
pay_000000000157,payment,pay_000000000157,order_000000000157,INV-2026-000157,setl_000000000112,300000000112,31794899,0,0,0,31794899,31794899,INR,netbanking,1784201400,1784201400
pay_000000000158,payment,pay_000000000158,order_000000000158,INV-2026-000158,setl_000000000113,300000000113,46056150,0,0,0,46056150,46056150,INR,netbanking,1781350200,1781350200
pay_000000000159,payment,pay_000000000159,order_000000000159,INV-2026-000159,setl_000000000114,300000000114,3887500,0,0,0,3887500,3887500,INR,upi,1784287800,1784460600
pay_000000000160,payment,pay_000000000160,order_000000000160,INV-2026-000160,setl_000000000115,300000000115,24232250,0,0,0,24232250,24232250,INR,netbanking,1784892600,1784892600
pay_000000000161,payment,pay_000000000161,order_000000000161,INV-2026-000161,setl_000000000116,300000000116,13678225,0,0,0,13678225,13678225,INR,card,1784633400,1784806200
pay_000000000162,payment,pay_000000000162,order_000000000162,INV-2026-000162,setl_000000000117,300000000117,41542999,0,0,0,41542999,41542999,INR,netbanking,1786620600,1786620600
pay_000000000163,payment,pay_000000000163,order_000000000163,INV-2026-000163,setl_000000000118,300000000118,45362600,0,0,0,45362600,45362600,INR,wallet,1787571000,1787743800
pay_000000000164,payment,pay_000000000164,order_000000000164,INV-2026-000164,setl_000000000119,300000000119,34698999,0,0,0,34698999,34698999,INR,card,1785411000,1785411000
pay_000000000165,payment,pay_000000000165,order_000000000165,INV-2026-000165,setl_000000000120,300000000120,9102975,0,0,0,9102975,9102975,INR,wallet,1784460600,1784633400
pay_000000000166,payment,pay_000000000166,order_000000000166,INV-2026-000166,setl_000000000121,300000000121,16600299,0,0,0,16600299,16600299,INR,upi,1783510200,1783596600
pay_000000000167,payment,pay_000000000167,order_000000000167,INV-2026-000167,setl_000000000122,300000000122,8471400,0,0,0,8471400,8471400,INR,netbanking,1787398200,1787484600
pay_000000000168,payment,pay_000000000168,order_000000000168,INV-2026-000168,setl_000000000123,300000000123,8054500,0,0,0,8054500,8054500,INR,netbanking,1780486200,1780659000
pay_000000000169,payment,pay_000000000169,order_000000000169,INV-2026-000169,setl_000000000124,300000000124,46034425,0,0,0,46034425,46034425,INR,wallet,1780313400,1780486200
pay_000000000170,payment,pay_000000000170,order_000000000170,INV-2026-000170,setl_000000000125,300000000125,45562100,0,0,0,45562100,45562100,INR,card,1782819000,1782819000
pay_000000000171,payment,pay_000000000171,order_000000000171,INV-2026-000171,setl_000000000126,300000000126,26118599,0,0,0,26118599,26118599,INR,netbanking,1784719800,1784806200
pay_000000000172,payment,pay_000000000172,order_000000000172,INV-2026-000172,setl_000000000127,300000000127,34747400,0,0,0,34747400,34747400,INR,upi,1781609400,1781609400
pay_000000000173,payment,pay_000000000173,order_000000000173,INV-2026-000173,setl_000000000128,300000000128,6705800,0,0,0,6705800,6705800,INR,upi,1786879800,1787052600
pay_000000000174,payment,pay_000000000174,order_000000000174,INV-2026-000174,setl_000000000129,300000000129,31556200,0,0,0,31556200,31556200,INR,netbanking,1783942200,1784028600
pay_000000000175,payment,pay_000000000175,order_000000000175,INV-2026-000175,setl_000000000130,300000000130,9904675,0,0,0,9904675,9904675,INR,wallet,1783337400,1783337400
pay_000000000176,payment,pay_000000000176,order_000000000176,INV-2026-000176,setl_000000000131,300000000131,30488075,0,0,0,30488075,30488075,INR,wallet,1780486200,1780572600
pay_000000000177,payment,pay_000000000177,order_000000000177,INV-2026-000177,setl_000000000132,300000000132,36366125,0,0,0,36366125,36366125,INR,card,1785929400,1786015800
pay_000000000178,payment,pay_000000000178,order_000000000178,INV-2026-000178,setl_000000000133,300000000133,33420000,0,0,0,33420000,33420000,INR,netbanking,1781782200,1781955000
pay_000000000179,payment,pay_000000000179,order_000000000179,INV-2026-000179,setl_000000000134,300000000134,37691900,0,0,0,37691900,37691900,INR,netbanking,1781868600,1781955000
pay_000000000180,payment,pay_000000000180,order_000000000180,INV-2026-000180,setl_000000000135,300000000135,7036500,0,0,0,7036500,7036500,INR,netbanking,1787139000,1787311800
pay_000000000181,payment,pay_000000000181,order_000000000181,INV-2026-000181,setl_000000000136,300000000136,29939500,0,0,0,29939500,29939500,INR,card,1783942200,1784028600
pay_000000000182,payment,pay_000000000182,order_000000000182,INV-2026-000182,setl_000000000137,300000000137,36637875,0,0,0,36637875,36637875,INR,wallet,1784806200,1784979000
pay_000000000183,payment,pay_000000000183,order_000000000183,INV-2026-000183,setl_000000000138,300000000138,1881699,0,0,0,1881699,1881699,INR,card,1785151800,1785238200
pay_000000000184,payment,pay_000000000184,order_000000000184,INV-2026-000184,setl_000000000139,300000000139,18959050,0,0,0,18959050,18959050,INR,wallet,1782646200,1782732600
pay_000000000185,payment,pay_000000000185,order_000000000185,INV-2026-000185,setl_000000000140,300000000140,13755999,0,0,0,13755999,13755999,INR,netbanking,1782559800,1782732600
pay_000000000186,payment,pay_000000000186,order_000000000186,INV-2026-000186,setl_000000000141,300000000141,42875900,0,0,0,42875900,42875900,INR,upi,1783078200,1783164600
pay_000000000187,payment,pay_000000000187,order_000000000187,INV-2026-000187,setl_000000000142,300000000142,20388250,0,0,0,20388250,20388250,INR,netbanking,1782646200,1782646200
pay_000000000188,payment,pay_000000000188,order_000000000188,INV-2026-000188,setl_000000000143,300000000143,35299125,0,0,0,35299125,35299125,INR,upi,1787225400,1787225400
pay_000000000189,payment,pay_000000000189,order_000000000189,INV-2026-000189,setl_000000000144,300000000144,14532199,0,0,0,14532199,14532199,INR,netbanking,1782646200,1782732600
pay_000000000190,payment,pay_000000000190,order_000000000190,INV-2026-000190,setl_000000000145,300000000145,15153399,0,0,0,15153399,15153399,INR,upi,1786793400,1786879800
pay_000000000191,payment,pay_000000000191,order_000000000191,INV-2026-000191,setl_000000000146,300000000146,7921525,0,0,0,7921525,7921525,INR,upi,1782905400,1783078200
pay_000000000192,payment,pay_000000000192,order_000000000192,INV-2026-000192,setl_000000000147,300000000147,7726050,0,0,0,7726050,7726050,INR,netbanking,1780918200,1781091000
pay_000000000193,payment,pay_000000000193,order_000000000193,INV-2026-000193,setl_000000000148,300000000148,21020100,0,0,0,21020100,21020100,INR,upi,1782819000,1782819000
pay_000000000194,payment,pay_000000000194,order_000000000194,INV-2026-000194,setl_000000000149,300000000149,4982125,0,0,0,4982125,4982125,INR,upi,1780572600,1780572600
pay_000000000195,payment,pay_000000000195,order_000000000195,INV-2026-000195,setl_000000000150,300000000150,46809825,0,0,0,46809825,46809825,INR,netbanking,1785497400,1785497400
pay_000000000196,payment,pay_000000000196,order_000000000196,INV-2026-000196,setl_000000000151,300000000151,13991400,0,0,0,13991400,13991400,INR,card,1783164600,1783251000
pay_000000000197,payment,pay_000000000197,order_000000000197,INV-2026-000197,setl_000000000152,300000000152,18173200,0,0,0,18173200,18173200,INR,card,1786015800,1786102200
pay_000000000198,payment,pay_000000000198,order_000000000198,INV-2026-000198,setl_000000000153,300000000153,21595100,0,0,0,21595100,21595100,INR,card,1785151800,1785324600
pay_000000000199,payment,pay_000000000199,order_000000000199,INV-2026-000199,setl_000000000154,300000000154,39006399,0,0,0,39006399,39006399,INR,upi,1784979000,1784979000
pay_000000000200,payment,pay_000000000200,order_000000000200,INV-2026-000200,setl_000000000155,300000000155,9104525,0,0,0,9104525,9104525,INR,netbanking,1786015800,1786188600
pay_000000000201,payment,pay_000000000201,order_000000000201,INV-2026-000201,setl_000000000156,300000000156,38490299,0,0,0,38490299,38490299,INR,card,1787571000,1787743800
pay_000000000202,payment,pay_000000000202,order_000000000202,INV-2026-000202,setl_000000000157,300000000157,35111500,0,0,0,35111500,35111500,INR,netbanking,1783942200,1783942200
pay_000000000203,payment,pay_000000000203,order_000000000203,INV-2026-000203,setl_000000000158,300000000158,25304999,0,0,0,25304999,25304999,INR,wallet,1781955000,1782127800
pay_000000000204,payment,pay_000000000204,order_000000000204,INV-2026-000204,setl_000000000159,300000000159,35016275,0,0,0,35016275,35016275,INR,upi,1782214200,1782300600
pay_000000000205,payment,pay_000000000205,order_000000000205,INV-2026-000205,setl_000000000160,300000000160,29463299,0,0,0,29463299,29463299,INR,netbanking,1784115000,1784287800
pay_000000000206,payment,pay_000000000206,order_000000000206,INV-2026-000206,setl_000000000161,300000000161,10602075,0,0,0,10602075,10602075,INR,wallet,1786793400,1786966200
pay_000000000207,payment,pay_000000000207,order_000000000207,INV-2026-000207,setl_000000000162,300000000162,48483200,0,0,0,48483200,48483200,INR,card,1784719800,1784719800
pay_000000000208,payment,pay_000000000208,order_000000000208,INV-2026-000208,setl_000000000163,300000000163,11150700,0,0,0,11150700,11150700,INR,card,1783683000,1783855800
pay_000000000209,payment,pay_000000000209,order_000000000209,INV-2026-000209,setl_000000000164,300000000164,28432300,0,0,0,28432300,28432300,INR,netbanking,1788003000,1788089400
pay_000000000210,payment,pay_000000000210,order_000000000210,INV-2026-000210,setl_000000000165,300000000165,13554950,0,0,0,13554950,13554950,INR,upi,1787484600,1787657400
pay_000000000211,payment,pay_000000000211,order_000000000211,INV-2026-000211,setl_000000000166,300000000166,45626000,0,0,0,45626000,45626000,INR,upi,1784633400,1784806200
pay_000000000212,payment,pay_000000000212,order_000000000212,INV-2026-000212,setl_000000000167,300000000167,19078200,0,0,0,19078200,19078200,INR,upi,1787484600,1787484600
pay_000000000213,payment,pay_000000000213,order_000000000213,INV-2026-000213,setl_000000000168,300000000168,22713300,0,0,0,22713300,22713300,INR,netbanking,1780486200,1780572600
pay_000000000214,payment,pay_000000000214,order_000000000214,INV-2026-000214,setl_000000000169,300000000169,10858125,0,0,0,10858125,10858125,INR,card,1787311800,1787398200
pay_000000000215,payment,pay_000000000215,order_000000000215,INV-2026-000215,setl_000000000170,300000000170,9326875,0,0,0,9326875,9326875,INR,netbanking,1781091000,1781091000
pay_000000000216,payment,pay_000000000216,order_000000000216,INV-2026-000216,setl_000000000171,300000000171,22618000,0,0,0,22618000,22618000,INR,card,1782559800,1782646200
pay_000000000217,payment,pay_000000000217,order_000000000217,INV-2026-000217,setl_000000000172,300000000172,23275900,0,0,0,23275900,23275900,INR,card,1781523000,1781695800
pay_000000000218,payment,pay_000000000218,order_000000000218,INV-2026-000218,setl_000000000173,300000000173,48417175,0,0,0,48417175,48417175,INR,netbanking,1782214200,1782300600
pay_000000000219,payment,pay_000000000219,order_000000000219,INV-2026-000219,setl_000000000174,300000000174,8309300,0,0,0,8309300,8309300,INR,netbanking,1782991800,1782991800
pay_000000000220,payment,pay_000000000220,order_000000000220,INV-2026-000220,setl_000000000175,300000000175,5166675,0,0,0,5166675,5166675,INR,netbanking,1786015800,1786188600
pay_000000000221,payment,pay_000000000221,order_000000000221,INV-2026-000221,setl_000000000176,300000000176,34658900,0,0,0,34658900,34658900,INR,card,1787571000,1787571000
pay_000000000222,payment,pay_000000000222,order_000000000222,INV-2026-000222,setl_000000000177,300000000177,10779899,0,0,0,10779899,10779899,INR,upi,1786793400,1786879800
pay_000000000223,payment,pay_000000000223,order_000000000223,INV-2026-000223,setl_000000000178,300000000178,20417900,0,0,0,20417900,20417900,INR,upi,1780572600,1780572600
pay_000000000224,payment,pay_000000000224,order_000000000224,INV-2026-000224,setl_000000000179,300000000179,43977499,0,0,0,43977499,43977499,INR,card,1782646200,1782732600
pay_000000000225,payment,pay_000000000225,order_000000000225,INV-2026-000225,setl_000000000180,300000000180,14175500,0,0,0,14175500,14175500,INR,card,1784115000,1784201400
pay_000000000226,payment,pay_000000000226,order_000000000226,INV-2026-000226,setl_000000000181,300000000181,10511700,0,0,0,10511700,10511700,INR,netbanking,1783423800,1783423800
pay_000000000227,payment,pay_000000000227,order_000000000227,INV-2026-000227,setl_000000000182,300000000182,46768900,0,0,0,46768900,46768900,INR,netbanking,1787398200,1787571000
pay_000000000228,payment,pay_000000000228,order_000000000228,INV-2026-000228,setl_000000000183,300000000183,47216825,0,0,0,47216825,47216825,INR,wallet,1786534200,1786534200
pay_000000000229,payment,pay_000000000229,order_000000000229,INV-2026-000229,setl_000000000184,300000000184,14485699,0,0,0,14485699,14485699,INR,wallet,1785065400,1785065400
pay_000000000230,payment,pay_000000000230,order_000000000230,INV-2026-000230,setl_000000000185,300000000185,300500,0,0,0,300500,300500,INR,netbanking,1782387000,1782387000
pay_000000000231,payment,pay_000000000231,order_000000000231,INV-2026-000231,setl_000000000186,300000000186,40396500,0,0,0,40396500,40396500,INR,card,1780486200,1780486200
pay_000000000232,payment,pay_000000000232,order_000000000232,INV-2026-000232,setl_000000000187,300000000187,2765900,0,0,0,2765900,2765900,INR,card,1782559800,1782559800
pay_000000000233,payment,pay_000000000233,order_000000000233,INV-2026-000233,setl_000000000188,300000000188,48126725,0,0,0,48126725,48126725,INR,wallet,1787225400,1787398200
pay_000000000234,payment,pay_000000000234,order_000000000234,INV-2026-000234,setl_000000000189,300000000189,39816250,0,0,0,39816250,39816250,INR,upi,1786188600,1786361400
pay_000000000235,payment,pay_000000000235,order_000000000235,INV-2026-000235,setl_000000000190,300000000190,4978600,0,0,0,4978600,4978600,INR,upi,1787657400,1787830200
pay_000000000236,payment,pay_000000000236,order_000000000236,INV-2026-000236,setl_000000000191,300000000191,10841800,0,0,0,10841800,10841800,INR,wallet,1787657400,1787830200
pay_000000000237,payment,pay_000000000237,order_000000000237,INV-2026-000237,setl_000000000192,300000000192,39034600,0,0,0,39034600,39034600,INR,card,1785151800,1785238200
pay_000000000238,payment,pay_000000000238,order_000000000238,INV-2026-000238,setl_000000000193,300000000193,32388350,0,0,0,32388350,32388350,INR,card,1782214200,1782214200
pay_000000000239,payment,pay_000000000239,order_000000000239,INV-2026-000239,setl_000000000194,300000000194,29957650,0,0,0,29957650,29957650,INR,wallet,1784287800,1784460600
pay_000000000240,payment,pay_000000000240,order_000000000240,INV-2026-000240,setl_000000000195,300000000195,18056825,0,0,0,18056825,18056825,INR,netbanking,1782387000,1782473400
pay_000000000241,payment,pay_000000000241,order_000000000241,INV-2026-000241,setl_000000000196,300000000196,34435900,0,0,0,34435900,34435900,INR,netbanking,1780313400,1780399800
pay_000000000242,payment,pay_000000000242,order_000000000242,INV-2026-000242,setl_000000000197,300000000197,21178325,0,0,0,21178325,21178325,INR,card,1783078200,1783078200
pay_000000000243,payment,pay_000000000243,order_000000000243,INV-2026-000243,setl_000000000198,300000000198,14921600,0,0,0,14921600,14921600,INR,wallet,1786015800,1786188600
pay_000000000244,payment,pay_000000000244,order_000000000244,INV-2026-000244,setl_000000000199,300000000199,49056500,0,0,0,49056500,49056500,INR,wallet,1784028600,1784028600
pay_000000000245,payment,pay_000000000245,order_000000000245,INV-2026-000245,setl_000000000200,300000000200,16565500,0,0,0,16565500,16565500,INR,netbanking,1785151800,1785238200
pay_000000000246,payment,pay_000000000246,order_000000000246,INV-2026-000246,setl_000000000201,300000000201,10816625,0,0,0,10816625,10816625,INR,card,1786102200,1786102200
pay_000000000247,payment,pay_000000000247,order_000000000247,INV-2026-000247,setl_000000000202,300000000202,4759800,0,0,0,4759800,4759800,INR,wallet,1786793400,1786879800
pay_000000000248,payment,pay_000000000248,order_000000000248,INV-2026-000248,setl_000000000203,300000000203,4633050,0,0,0,4633050,4633050,INR,wallet,1786102200,1786188600
pay_000000000249,payment,pay_000000000249,order_000000000249,INV-2026-000249,setl_000000000204,300000000204,27112300,0,0,0,27112300,27112300,INR,netbanking,1784287800,1784287800
pay_000000000250,payment,pay_000000000250,order_000000000250,INV-2026-000250,setl_000000000205,300000000205,1407900,0,0,0,1407900,1407900,INR,netbanking,1786879800,1786879800
pay_000000000251,payment,pay_000000000251,order_000000000251,INV-2026-000251,setl_000000000206,300000000206,32378850,0,0,0,32378850,32378850,INR,wallet,1783164600,1783337400
pay_000000000252,payment,pay_000000000252,order_000000000252,INV-2026-000252,setl_000000000207,300000000207,7662275,0,0,0,7662275,7662275,INR,netbanking,1782905400,1782905400
pay_000000000253,payment,pay_000000000253,order_000000000253,INV-2026-000253,setl_000000000208,300000000208,45101850,0,0,0,45101850,45101850,INR,card,1784806200,1784979000
pay_000000000254,payment,pay_000000000254,order_000000000254,INV-2026-000254,setl_000000000209,300000000209,12632500,0,0,0,12632500,12632500,INR,wallet,1787657400,1787830200
pay_000000000255,payment,pay_000000000255,order_000000000255,INV-2026-000255,setl_000000000210,300000000210,11993375,0,0,0,11993375,11993375,INR,netbanking,1781523000,1781695800
pay_000000000256,payment,pay_000000000256,order_000000000256,INV-2026-000256,setl_000000000211,300000000211,33139275,0,0,0,33139275,33139275,INR,card,1786966200,1787139000
pay_000000000257,payment,pay_000000000257,order_000000000257,INV-2026-000257,setl_000000000212,300000000212,47318900,0,0,0,47318900,47318900,INR,card,1786188600,1786275000
pay_000000000258,payment,pay_000000000258,order_000000000258,INV-2026-000258,setl_000000000213,300000000213,22078300,0,0,0,22078300,22078300,INR,netbanking,1783855800,1783942200
pay_000000000259,payment,pay_000000000259,order_000000000259,INV-2026-000259,setl_000000000214,300000000214,16453950,0,0,0,16453950,16453950,INR,wallet,1786102200,1786102200
pay_000000000260,payment,pay_000000000260,order_000000000260,INV-2026-000260,setl_000000000215,300000000215,19730500,0,0,0,19730500,19730500,INR,wallet,1782300600,1782387000
pay_000000000261,payment,pay_000000000261,order_000000000261,INV-2026-000261,setl_000000000216,300000000216,38284050,0,0,0,38284050,38284050,INR,card,1781955000,1781955000
pay_000000000262,payment,pay_000000000262,order_000000000262,INV-2026-000262,setl_000000000217,300000000217,16114900,0,0,0,16114900,16114900,INR,card,1781695800,1781868600
pay_000000000263,payment,pay_000000000263,order_000000000263,INV-2026-000263,setl_000000000218,300000000218,24567750,0,0,0,24567750,24567750,INR,netbanking,1785497400,1785583800
pay_000000000264,payment,pay_000000000264,order_000000000264,INV-2026-000264,setl_000000000219,300000000219,48908075,0,0,0,48908075,48908075,INR,netbanking,1780918200,1780918200
pay_000000000265,payment,pay_000000000265,order_000000000265,INV-2026-000265,setl_000000000220,300000000220,21145999,0,0,0,21145999,21145999,INR,wallet,1784028600,1784028600
pay_000000000266,payment,pay_000000000266,order_000000000266,INV-2026-000266,setl_000000000221,300000000221,37874800,0,0,0,37874800,37874800,INR,netbanking,1780572600,1780572600
pay_000000000267,payment,pay_000000000267,order_000000000267,INV-2026-000267,setl_000000000222,300000000222,16727899,0,0,0,16727899,16727899,INR,upi,1781868600,1781955000
pay_000000000268,payment,pay_000000000268,order_000000000268,INV-2026-000268,setl_000000000223,300000000223,8782950,0,0,0,8782950,8782950,INR,upi,1784201400,1784374200
pay_000000000269,payment,pay_000000000269,order_000000000269,INV-2026-000269,setl_000000000224,300000000224,275425,0,0,0,275425,275425,INR,upi,1787139000,1787225400
pay_000000000270,payment,pay_000000000270,order_000000000270,INV-2026-000270,setl_000000000225,300000000225,23432875,0,0,0,23432875,23432875,INR,card,1785497400,1785497400
pay_000000000271,payment,pay_000000000271,order_000000000271,INV-2026-000271,setl_000000000226,300000000226,10317025,0,0,0,10317025,10317025,INR,wallet,1781868600,1781955000
pay_000000000272,payment,pay_000000000272,order_000000000272,INV-2026-000272,setl_000000000227,300000000227,32836400,0,0,0,32836400,32836400,INR,upi,1784806200,1784806200
pay_000000000273,payment,pay_000000000273,order_000000000273,INV-2026-000273,setl_000000000228,300000000228,12620750,0,0,0,12620750,12620750,INR,netbanking,1787398200,1787571000
pay_000000000274,payment,pay_000000000274,order_000000000274,INV-2026-000274,setl_000000000229,300000000229,36371200,0,0,0,36371200,36371200,INR,card,1786015800,1786015800
pay_000000000275,payment,pay_000000000275,order_000000000275,INV-2026-000275,setl_000000000230,300000000230,40350675,0,0,0,40350675,40350675,INR,wallet,1787139000,1787139000
pay_000000000276,payment,pay_000000000276,order_000000000276,INV-2026-000276,setl_000000000231,300000000231,39917425,0,0,0,39917425,39917425,INR,upi,1786447800,1786447800
pay_000000000277,payment,pay_000000000277,order_000000000277,INV-2026-000277,setl_000000000232,300000000232,4760275,0,0,0,4760275,4760275,INR,card,1784547000,1784633400
pay_000000000278,payment,pay_000000000278,order_000000000278,INV-2026-000278,setl_000000000233,300000000233,30723199,0,0,0,30723199,30723199,INR,wallet,1782300600,1782473400
pay_000000000279,payment,pay_000000000279,order_000000000279,INV-2026-000279,setl_000000000234,300000000234,34715375,0,0,0,34715375,34715375,INR,upi,1784719800,1784719800
pay_000000000280,payment,pay_000000000280,order_000000000280,INV-2026-000280,setl_000000000235,300000000235,16279300,0,0,0,16279300,16279300,INR,upi,1783164600,1783164600
pay_000000000281,payment,pay_000000000281,order_000000000281,INV-2026-000281,setl_000000000236,300000000236,35074650,0,0,0,35074650,35074650,INR,upi,1786188600,1786361400
pay_000000000282,payment,pay_000000000282,order_000000000282,INV-2026-000282,setl_000000000237,300000000237,16729725,0,0,0,16729725,16729725,INR,netbanking,1786188600,1786188600
pay_000000000283,payment,pay_000000000283,order_000000000283,INV-2026-000283,setl_000000000238,300000000238,2523625,0,0,0,2523625,2523625,INR,card,1787743800,1787743800
pay_000000000284,payment,pay_000000000284,order_000000000284,INV-2026-000284,setl_000000000239,300000000239,44729100,0,0,0,44729100,44729100,INR,netbanking,1784374200,1784547000
pay_000000000285,payment,pay_000000000285,order_000000000285,INV-2026-000285,setl_000000000240,300000000240,42356100,0,0,0,42356100,42356100,INR,upi,1784979000,1784979000
pay_000000000286,payment,pay_000000000286,order_000000000286,INV-2026-000286,setl_000000000241,300000000241,22847875,0,0,0,22847875,22847875,INR,card,1782559800,1782646200
pay_000000000287,payment,pay_000000000287,order_000000000287,INV-2026-000287,setl_000000000242,300000000242,2627350,0,0,0,2627350,2627350,INR,netbanking,1788003000,1788089400
pay_000000000288,payment,pay_000000000288,order_000000000288,INV-2026-000288,setl_000000000243,300000000243,8528000,0,0,0,8528000,8528000,INR,netbanking,1786793400,1786966200
pay_000000000289,payment,pay_000000000289,order_000000000289,INV-2026-000289,setl_000000000244,300000000244,10448225,0,0,0,10448225,10448225,INR,wallet,1786102200,1786188600
pay_000000000290,payment,pay_000000000290,order_000000000290,INV-2026-000290,setl_000000000245,300000000245,38982399,0,0,0,38982399,38982399,INR,card,1782387000,1782559800
pay_000000000291,payment,pay_000000000291,order_000000000291,INV-2026-000291,setl_000000000246,300000000246,31569525,0,0,0,31569525,31569525,INR,card,1785411000,1785411000
pay_000000000292,payment,pay_000000000292,order_000000000292,INV-2026-000292,setl_000000000247,300000000247,32373500,0,0,0,32373500,32373500,INR,card,1787743800,1787830200
pay_000000000293,payment,pay_000000000293,order_000000000293,INV-2026-000293,setl_000000000248,300000000248,35423399,0,0,0,35423399,35423399,INR,wallet,1784201400,1784374200
pay_000000000294,payment,pay_000000000294,order_000000000294,INV-2026-000294,setl_000000000249,300000000249,8256150,0,0,0,8256150,8256150,INR,wallet,1781695800,1781695800
pay_000000000295,payment,pay_000000000295,order_000000000295,INV-2026-000295,setl_000000000250,300000000250,16626600,0,0,0,16626600,16626600,INR,card,1787743800,1787830200
pay_000000000296,payment,pay_000000000296,order_000000000296,INV-2026-000296,setl_000000000251,300000000251,39960200,0,0,0,39960200,39960200,INR,netbanking,1785324600,1785411000
pay_000000000297,payment,pay_000000000297,order_000000000297,INV-2026-000297,setl_000000000252,300000000252,13233250,0,0,0,13233250,13233250,INR,wallet,1785238200,1785411000
pay_000000000298,payment,pay_000000000298,order_000000000298,INV-2026-000298,setl_000000000253,300000000253,22177750,0,0,0,22177750,22177750,INR,netbanking,1786879800,1786966200
pay_000000000299,payment,pay_000000000299,order_000000000299,INV-2026-000299,setl_000000000254,300000000254,9331875,0,0,0,9331875,9331875,INR,wallet,1785065400,1785065400
pay_000000000300,payment,pay_000000000300,order_000000000300,INV-2026-000300,setl_000000000255,300000000255,45418600,0,0,0,45418600,45418600,INR,wallet,1787139000,1787225400
pay_000000000301,payment,pay_000000000301,order_000000000301,INV-2026-000301,setl_000000000256,300000000256,17550175,0,0,0,17550175,17550175,INR,wallet,1781091000,1781091000
pay_000000000302,payment,pay_000000000302,order_000000000302,INV-2026-000302,setl_000000000257,300000000257,9602975,0,0,0,9602975,9602975,INR,card,1786275000,1786275000
pay_000000000303,payment,pay_000000000303,order_000000000303,INV-2026-000303,setl_000000000258,300000000258,25863200,0,0,0,25863200,25863200,INR,upi,1784547000,1784547000
pay_000000000304,payment,pay_000000000304,order_000000000304,INV-2026-000304,setl_000000000259,300000000259,26950725,0,0,0,26950725,26950725,INR,wallet,1782387000,1782387000
pay_000000000305,payment,pay_000000000305,order_000000000305,INV-2026-000305,setl_000000000260,300000000260,16618150,0,0,0,16618150,16618150,INR,card,1786879800,1786966200
pay_000000000306,payment,pay_000000000306,order_000000000306,INV-2026-000306,setl_000000000261,300000000261,43078800,0,0,0,43078800,43078800,INR,card,1785411000,1785497400
pay_000000000307,payment,pay_000000000307,order_000000000307,INV-2026-000307,setl_000000000262,300000000262,25708550,0,0,0,25708550,25708550,INR,netbanking,1784979000,1785065400
pay_000000000308,payment,pay_000000000308,order_000000000308,INV-2026-000308,setl_000000000263,300000000263,33520825,0,0,0,33520825,33520825,INR,upi,1781263800,1781436600
pay_000000000309,payment,pay_000000000309,order_000000000309,INV-2026-000309,setl_000000000264,300000000264,22697025,0,0,0,22697025,22697025,INR,card,1787311800,1787398200
pay_000000000310,payment,pay_000000000310,order_000000000310,INV-2026-000310,setl_000000000265,300000000265,10180650,0,0,0,10180650,10180650,INR,upi,1780313400,1780313400
pay_000000000311,payment,pay_000000000311,order_000000000311,INV-2026-000311,setl_000000000266,300000000266,45009100,0,0,0,45009100,45009100,INR,card,1783510200,1783683000
pay_000000000312,payment,pay_000000000312,order_000000000312,INV-2026-000312,setl_000000000267,300000000267,43624550,0,0,0,43624550,43624550,INR,wallet,1787052600,1787225400
pay_000000000313,payment,pay_000000000313,order_000000000313,INV-2026-000313,setl_000000000268,300000000268,15441250,0,0,0,15441250,15441250,INR,upi,1781263800,1781350200
pay_000000000314,payment,pay_000000000314,order_000000000314,INV-2026-000314,setl_000000000269,300000000269,43035800,0,0,0,43035800,43035800,INR,netbanking,1783769400,1783855800
pay_000000000315,payment,pay_000000000315,order_000000000315,INV-2026-000315,setl_000000000270,300000000270,9989500,0,0,0,9989500,9989500,INR,wallet,1785583800,1785583800
pay_000000000316,payment,pay_000000000316,order_000000000316,INV-2026-000316,setl_000000000271,300000000271,22453100,0,0,0,22453100,22453100,INR,card,1784201400,1784201400
pay_000000000317,payment,pay_000000000317,order_000000000317,INV-2026-000317,setl_000000000272,300000000272,36821200,0,0,0,36821200,36821200,INR,upi,1781350200,1781436600
pay_000000000318,payment,pay_000000000318,order_000000000318,INV-2026-000318,setl_000000000273,300000000273,31077950,0,0,0,31077950,31077950,INR,netbanking,1783164600,1783164600
pay_000000000319,payment,pay_000000000319,order_000000000319,INV-2026-000319,setl_000000000274,300000000274,27852900,0,0,0,27852900,27852900,INR,netbanking,1786534200,1786534200
pay_000000000320,payment,pay_000000000320,order_000000000320,INV-2026-000320,setl_000000000275,300000000275,43728325,0,0,0,43728325,43728325,INR,wallet,1781091000,1781091000
pay_000000000321,payment,pay_000000000321,order_000000000321,INV-2026-000321,setl_000000000276,300000000276,30308925,0,0,0,30308925,30308925,INR,upi,1786707000,1786879800
pay_000000000322,payment,pay_000000000322,order_000000000322,INV-2026-000322,setl_000000000277,300000000277,26960775,0,0,0,26960775,26960775,INR,upi,1780486200,1780486200
pay_000000000323,payment,pay_000000000323,order_000000000323,INV-2026-000323,setl_000000000278,300000000278,43909000,0,0,0,43909000,43909000,INR,wallet,1782387000,1782473400
pay_000000000324,payment,pay_000000000324,order_000000000324,INV-2026-000324,setl_000000000279,300000000279,40277800,0,0,0,40277800,40277800,INR,card,1787052600,1787225400
pay_000000000325,payment,pay_000000000325,order_000000000325,INV-2026-000325,setl_000000000280,300000000280,22209600,0,0,0,22209600,22209600,INR,wallet,1783251000,1783423800
pay_000000000326,payment,pay_000000000326,order_000000000326,INV-2026-000326,setl_000000000281,300000000281,17211300,0,0,0,17211300,17211300,INR,wallet,1780831800,1781004600
pay_000000000327,payment,pay_000000000327,order_000000000327,INV-2026-000327,setl_000000000282,300000000282,19727000,0,0,0,19727000,19727000,INR,wallet,1784460600,1784633400
pay_000000000328,payment,pay_000000000328,order_000000000328,INV-2026-000328,setl_000000000283,300000000283,40143299,0,0,0,40143299,40143299,INR,card,1785756600,1785843000
pay_000000000329,payment,pay_000000000329,order_000000000329,INV-2026-000329,setl_000000000284,300000000284,43976999,0,0,0,43976999,43976999,INR,upi,1784547000,1784633400
pay_000000000330,payment,pay_000000000330,order_000000000330,INV-2026-000330,setl_000000000285,300000000285,11805000,0,0,0,11805000,11805000,INR,card,1781523000,1781523000
pay_000000000331,payment,pay_000000000331,order_000000000331,INV-2026-000331,setl_000000000286,300000000286,19307925,0,0,0,19307925,19307925,INR,wallet,1784806200,1784979000
pay_000000000332,payment,pay_000000000332,order_000000000332,INV-2026-000332,setl_000000000287,300000000287,48991899,0,0,0,48991899,48991899,INR,upi,1787398200,1787484600
pay_000000000333,payment,pay_000000000333,order_000000000333,INV-2026-000333,setl_000000000288,300000000288,46345000,0,0,0,46345000,46345000,INR,card,1787916600,1788089400
pay_000000000334,payment,pay_000000000334,order_000000000334,INV-2026-000334,setl_000000000289,300000000289,33436525,0,0,0,33436525,33436525,INR,netbanking,1786015800,1786015800
pay_000000000335,payment,pay_000000000335,order_000000000335,INV-2026-000335,setl_000000000290,300000000290,35684700,0,0,0,35684700,35684700,INR,card,1782646200,1782819000
pay_000000000336,payment,pay_000000000336,order_000000000336,INV-2026-000336,setl_000000000291,300000000291,33925600,0,0,0,33925600,33925600,INR,wallet,1782819000,1782905400
pay_000000000337,payment,pay_000000000337,order_000000000337,INV-2026-000337,setl_000000000292,300000000292,4902500,0,0,0,4902500,4902500,INR,card,1785843000,1786015800
pay_000000000338,payment,pay_000000000338,order_000000000338,INV-2026-000338,setl_000000000293,300000000293,46864025,0,0,0,46864025,46864025,INR,upi,1781263800,1781350200
pay_000000000339,payment,pay_000000000339,order_000000000339,INV-2026-000339,setl_000000000294,300000000294,41876500,0,0,0,41876500,41876500,INR,wallet,1787484600,1787484600
pay_000000000340,payment,pay_000000000340,order_000000000340,INV-2026-000340,setl_000000000295,300000000295,41922875,0,0,0,41922875,41922875,INR,card,1786707000,1786707000
pay_000000000341,payment,pay_000000000341,order_000000000341,INV-2026-000341,setl_000000000296,300000000296,38239600,0,0,0,38239600,38239600,INR,card,1781004600,1781177400
pay_000000000342,payment,pay_000000000342,order_000000000342,INV-2026-000342,setl_000000000297,300000000297,29676200,0,0,0,29676200,29676200,INR,netbanking,1787743800,1787916600
pay_000000000343,payment,pay_000000000343,order_000000000343,INV-2026-000343,setl_000000000298,300000000298,20307275,0,0,0,20307275,20307275,INR,upi,1781350200,1781523000
pay_000000000344,payment,pay_000000000344,order_000000000344,INV-2026-000344,setl_000000000299,300000000299,9773600,0,0,0,9773600,9773600,INR,wallet,1783596600,1783769400
pay_000000000345,payment,pay_000000000345,order_000000000345,INV-2026-000345,setl_000000000300,300000000300,20481900,0,0,0,20481900,20481900,INR,netbanking,1783251000,1783337400
pay_000000000346,payment,pay_000000000346,order_000000000346,INV-2026-000346,setl_000000000301,300000000301,41603200,0,0,0,41603200,41603200,INR,upi,1787657400,1787657400
pay_000000000347,payment,pay_000000000347,order_000000000347,INV-2026-000347,setl_000000000302,300000000302,36952700,0,0,0,36952700,36952700,INR,netbanking,1783769400,1783855800
pay_000000000348,payment,pay_000000000348,order_000000000348,INV-2026-000348,setl_000000000303,300000000303,11050975,0,0,0,11050975,11050975,INR,netbanking,1783251000,1783423800
pay_000000000349,payment,pay_000000000349,order_000000000349,INV-2026-000349,setl_000000000304,300000000304,41109150,0,0,0,41109150,41109150,INR,netbanking,1780918200,1780918200
pay_000000000350,payment,pay_000000000350,order_000000000350,INV-2026-000350,setl_000000000305,300000000305,22787500,0,0,0,22787500,22787500,INR,card,1785411000,1785411000
pay_000000000351,payment,pay_000000000351,order_000000000351,INV-2026-000351,setl_000000000306,300000000306,11313000,226260,40727,0,11046013,11046013,INR,netbanking,1783683000,1783683000
pay_000000000352,payment,pay_000000000352,order_000000000352,INV-2026-000352,setl_000000000307,300000000306,11777600,235552,42399,0,11499649,11499649,INR,upi,1786102200,1786275000
pay_000000000353,payment,pay_000000000353,order_000000000353,INV-2026-000353,setl_000000000308,300000000307,11019500,220390,39670,0,10759440,10759440,INR,upi,1781436600,1781523000
pay_000000000354,payment,pay_000000000354,order_000000000354,INV-2026-000354,setl_000000000309,300000000307,45171675,903434,162618,0,44105623,44105623,INR,upi,1785843000,1785929400
pay_000000000355,payment,pay_000000000355,order_000000000355,INV-2026-000355,setl_000000000310,300000000308,3015500,60310,10856,0,2944334,2944334,INR,upi,1787225400,1787311800
pay_000000000356,payment,pay_000000000356,order_000000000356,INV-2026-000356,setl_000000000311,300000000308,8263175,165264,29748,0,8068163,8068163,INR,wallet,1784374200,1784547000
pay_000000000357,payment,pay_000000000357,order_000000000357,INV-2026-000357,setl_000000000312,300000000309,42983900,859678,154742,0,41969480,41969480,INR,wallet,1782127800,1782127800
pay_000000000358,payment,pay_000000000358,order_000000000358,INV-2026-000358,setl_000000000313,300000000309,40115900,802318,144417,0,39169165,39169165,INR,card,1781004600,1781004600
pay_000000000359,payment,pay_000000000359,order_000000000359,INV-2026-000359,setl_000000000314,300000000310,31608400,632168,113790,0,30862442,30862442,INR,wallet,1780313400,1780486200
pay_000000000360,payment,pay_000000000360,order_000000000360,INV-2026-000360,setl_000000000315,300000000310,29539375,590788,106342,0,28842245,28842245,INR,upi,1783769400,1783769400
pay_000000000361,payment,pay_000000000361,order_000000000361,INV-2026-000361,setl_000000000316,300000000311,30769825,615397,110771,0,30043657,30043657,INR,card,1787225400,1787311800
pay_000000000362,payment,pay_000000000362,order_000000000362,INV-2026-000362,setl_000000000317,300000000312,15764300,315286,56751,0,15392263,15392263,INR,upi,1781695800,1781782200
pay_000000000363,payment,pay_000000000363,order_000000000363,INV-2026-000363,setl_000000000318,300000000313,6959100,139182,25053,0,6794865,6794865,INR,card,1787830200,1788003000
pay_000000000364,payment,pay_000000000364,order_000000000364,INV-2026-000364,setl_000000000319,300000000314,45601200,912024,164164,0,44525012,44525012,INR,upi,1786275000,1786275000
pay_000000000365,payment,pay_000000000365,order_000000000365,INV-2026-000365,setl_000000000320,300000000315,45152800,903056,162550,0,44087194,44087194,INR,upi,1785324600,1785497400
pay_000000000366,payment,pay_000000000366,order_000000000366,INV-2026-000366,setl_000000000321,300000000316,29575750,591515,106473,0,28877762,28877762,INR,card,1786361400,1786534200
pay_000000000367,payment,pay_000000000367,order_000000000367,INV-2026-000367,setl_000000000322,300000000317,34183100,683662,123059,0,33376379,33376379,INR,wallet,1787484600,1787657400
pay_000000000368,payment,pay_000000000368,order_000000000368,INV-2026-000368,setl_000000000323,300000000318,24185750,483715,87069,0,23614966,23614966,INR,card,1783596600,1783769400
pay_000000000369,payment,pay_000000000369,order_000000000369,INV-2026-000369,setl_000000000324,300000000319,12514750,250295,45053,0,12219402,12219402,INR,upi,1780659000,1780659000
pay_000000000370,payment,pay_000000000370,order_000000000370,INV-2026-000370,setl_000000000325,300000000320,30630100,612602,110268,0,29907230,29907230,INR,wallet,1787398200,1787484600
pay_000000000371,payment,pay_000000000371,order_000000000371,INV-2026-000371,setl_000000000326,300000000321,19640525,392811,70706,0,19177008,19177008,INR,wallet,1783078200,1783251000
pay_000000000372,payment,pay_000000000372,order_000000000372,INV-2026-000372,setl_000000000327,300000000322,46163325,923267,166188,0,45073870,45073870,INR,wallet,1785151800,1785238200
pay_000000000373,payment,pay_000000000373,order_000000000373,INV-2026-000373,setl_000000000328,300000000323,27731400,554628,99833,0,27076939,27076939,INR,netbanking,1786534200,1786707000
pay_000000000374,payment,pay_000000000374,order_000000000374,INV-2026-000374,setl_000000000329,300000000324,41705350,834107,150139,0,40721104,40721104,INR,wallet,1785411000,1785411000
pay_000000000375,payment,pay_000000000375,order_000000000375,INV-2026-000375,setl_000000000330,300000000325,49905750,998115,179661,0,48727974,48727974,INR,netbanking,1783251000,1783423800
pay_000000000376,payment,pay_000000000376,order_000000000376,INV-2026-000376,setl_000000000331,300000000326,14160900,283218,50979,0,13826703,13826703,INR,upi,1780486200,1780659000
pay_000000000377,payment,pay_000000000377,order_000000000377,INV-2026-000377,setl_000000000332,300000000327,28975199,579504,104311,0,28291384,28291384,INR,upi,1785238200,1785238200
pay_000000000378,payment,pay_000000000378,order_000000000378,INV-2026-000378,setl_000000000333,300000000328,31129975,622600,112068,0,30395307,30395307,INR,wallet,1786534200,1786707000
pay_000000000379,payment,pay_000000000379,order_000000000379,INV-2026-000379,setl_000000000334,300000000329,41581375,831628,149693,0,40600054,40600054,INR,card,1782991800,1782991800
pay_000000000380,payment,pay_000000000380,order_000000000380,INV-2026-000380,setl_000000000335,300000000330,18315400,366308,65935,0,17883157,17883157,INR,wallet,1786966200,1787139000
pay_000000000381,payment,pay_000000000381,order_000000000381,INV-2026-000381,setl_000000000336,300000000331,24060950,481219,86619,0,23493112,23493112,INR,netbanking,1782559800,1782646200
pay_000000000382,payment,pay_000000000382,order_000000000382,INV-2026-000382,setl_000000000337,300000000332,10508900,210178,37832,0,10260890,10260890,INR,card,1784028600,1784115000
pay_000000000383,payment,pay_000000000383,order_000000000383,INV-2026-000383,setl_000000000338,300000000333,31585600,631712,113708,0,30840180,30840180,INR,upi,1787225400,1787225400
pay_000000000384,payment,pay_000000000384,order_000000000384,INV-2026-000384,setl_000000000339,300000000334,24836800,496736,89412,0,24250652,24250652,INR,netbanking,1780486200,1780659000
pay_000000000385,payment,pay_000000000385,order_000000000385,INV-2026-000385,setl_000000000340,300000000335,11900000,238000,42840,0,11619160,11619160,INR,upi,1787916600,1788003000
pay_000000000386,payment,pay_000000000386,order_000000000386,INV-2026-000386,setl_000000000341,300000000336,49141300,982826,176909,0,47981565,47981565,INR,card,1785497400,1785497400
pay_000000000387,payment,pay_000000000387,order_000000000387,INV-2026-000387,setl_000000000342,300000000337,30785600,615712,110828,0,30059060,30059060,INR,card,1787225400,1787311800
pay_000000000388,payment,pay_000000000388,order_000000000388,INV-2026-000388,setl_000000000343,300000000338,17606050,352121,63382,0,17190547,17190547,INR,card,1786966200,1786966200
pay_000000000389,payment,pay_000000000389,order_000000000389,INV-2026-000389,setl_000000000344,300000000339,40518550,810371,145867,0,39562312,39562312,INR,card,1780486200,1780659000
pay_000000000390,payment,pay_000000000390,order_000000000390,INV-2026-000390,setl_000000000345,300000000340,43203300,864066,155532,0,42183702,42183702,INR,wallet,1781350200,1781350200
pay_000000000391,payment,pay_000000000391,order_000000000391,INV-2026-000391,setl_000000000346,300000000341,30489550,609791,109762,0,29769997,29769997,INR,card,1784979000,1784979000
pay_000000000392,payment,pay_000000000392,order_000000000392,INV-2026-000392,setl_000000000347,300000000342,31655799,633116,113961,0,30908722,30908722,INR,upi,1784547000,1784719800
pay_000000000393,payment,pay_000000000393,order_000000000393,INV-2026-000393,setl_000000000348,300000000343,14963800,299276,53870,0,14610654,14610654,INR,card,1784633400,1784633400
pay_000000000394,payment,pay_000000000394,order_000000000394,INV-2026-000394,setl_000000000349,300000000344,16755700,335114,60321,0,16360265,16360265,INR,wallet,1786447800,1786534200
pay_000000000395,payment,pay_000000000395,order_000000000395,INV-2026-000395,setl_000000000350,300000000345,9802200,196044,35288,0,9570868,9570868,INR,upi,1783855800,1783855800
pay_000000000396,payment,pay_000000000396,order_000000000396,INV-2026-000396,setl_000000000351,300000000346,40860800,817216,147099,0,39896485,39896485,INR,netbanking,1787225400,1787398200
pay_000000000397,payment,pay_000000000397,order_000000000397,INV-2026-000397,setl_000000000352,300000000347,32157225,643145,115766,0,31398314,31398314,INR,card,1784979000,1785065400
pay_000000000398,payment,pay_000000000398,order_000000000398,INV-2026-000398,setl_000000000353,300000000348,41576600,831532,149676,0,40595392,40595392,INR,upi,1787657400,1787657400
pay_000000000399,payment,pay_000000000399,order_000000000399,INV-2026-000399,setl_000000000354,300000000349,22725775,454516,81813,0,22189446,22189446,INR,card,1782300600,1782300600
pay_000000000400,payment,pay_000000000400,order_000000000400,INV-2026-000400,setl_000000000355,300000000350,35654075,713082,128355,0,34812638,34812638,INR,card,1783683000,1783855800
pay_000000000401,payment,pay_000000000401,order_000000000401,INV-2026-000401,setl_000000000356,300000000351,33568199,671364,120846,0,32775989,32775989,INR,netbanking,1780399800,1780572600
pay_000000000402,payment,pay_000000000402,order_000000000402,INV-2026-000402,setl_000000000357,300000000352,18995600,379912,68384,0,18547304,18547304,INR,card,1783855800,1784028600
pay_000000000403,payment,pay_000000000403,order_000000000403,INV-2026-000403,setl_000000000358,300000000353,36074875,721498,129870,0,35223507,35223507,INR,wallet,1787484600,1787657400
pay_000000000404,payment,pay_000000000404,order_000000000404,INV-2026-000404,setl_000000000359,300000000354,29738600,594772,107059,0,29036769,29036769,INR,card,1782905400,1782991800
pay_000000000405,payment,pay_000000000405,order_000000000405,INV-2026-000405,setl_000000000360,300000000355,14053850,281077,50594,0,13722179,13722179,INR,upi,1787139000,1787139000
pay_000000000406,payment,pay_000000000406,order_000000000406,INV-2026-000406,setl_000000000361,300000000356,12130900,242618,43671,0,11844611,11844611,INR,card,1787139000,1787225400
pay_000000000407,payment,pay_000000000407,order_000000000407,INV-2026-000407,setl_000000000362,300000000357,32012025,640241,115243,0,31256541,31256541,INR,wallet,1782127800,1782214200
pay_000000000408,payment,pay_000000000408,order_000000000408,INV-2026-000408,setl_000000000363,300000000358,47435525,948711,170768,0,46316046,46316046,INR,wallet,1784633400,1784806200
pay_000000000409,payment,pay_000000000409,order_000000000409,INV-2026-000409,setl_000000000364,300000000359,40726450,814529,146615,0,39765306,39765306,INR,card,1785843000,1785929400
pay_000000000410,payment,pay_000000000410,order_000000000410,INV-2026-000410,setl_000000000365,300000000360,1627450,32549,5859,0,1589042,1589042,INR,card,1780313400,1780399800
pay_000000000411,payment,pay_000000000411,order_000000000411,INV-2026-000411,setl_000000000366,300000000366,18245939,0,0,0,18245939,18245939,INR,wallet,1781782200,1781868600
pay_000000000412,payment,pay_000000000412,order_000000000412,INV-2026-000412,setl_000000000367,300000000367,12201160,0,0,0,12201160,12201160,INR,card,1786707000,1786879800
pay_000000000413,payment,pay_000000000413,order_000000000413,INV-2026-000413,setl_000000000368,300000000368,1409725,0,0,0,1409725,1409725,INR,upi,1785324600,1785411000
pay_000000000414,payment,pay_000000000414,order_000000000414,INV-2026-000414,setl_000000000369,300000000369,18904200,0,0,0,18904200,18904200,INR,netbanking,1784547000,1784719800
pay_000000000415,payment,pay_000000000415,order_000000000415,INV-2026-000415,setl_000000000370,300000000370,32257245,0,0,0,32257245,32257245,INR,wallet,1784806200,1784806200
pay_000000000416,payment,pay_000000000416,order_000000000416,INV-2026-000416,setl_000000000371,300000000371,3833713,0,0,0,3833713,3833713,INR,netbanking,1783423800,1783596600
pay_000000000417,payment,pay_000000000417,order_000000000417,INV-2026-000417,setl_000000000372,300000000372,63525,0,0,0,63525,63525,INR,upi,1781868600,1781868600
pay_000000000418,payment,pay_000000000418,order_000000000418,INV-2026-000418,setl_000000000373,300000000373,22424650,0,0,0,22424650,22424650,INR,netbanking,1784633400,1784719800
pay_000000000419,payment,pay_000000000419,order_000000000419,INV-2026-000419,setl_000000000374,300000000374,26649284,0,0,0,26649284,26649284,INR,wallet,1782127800,1782300600
pay_000000000420,payment,pay_000000000420,order_000000000420,INV-2026-000420,setl_000000000375,300000000375,109819,0,0,0,109819,109819,INR,card,1785411000,1785411000
pay_000000000421,payment,pay_000000000421,order_000000000421,INV-2026-000421,setl_000000000376,300000000376,19206113,0,0,0,19206113,19206113,INR,netbanking,1784374200,1784547000
pay_000000000422,payment,pay_000000000422,order_000000000422,INV-2026-000422,setl_000000000377,300000000377,24484674,0,0,0,24484674,24484674,INR,card,1785324600,1785497400
pay_000000000423,payment,pay_000000000423,order_000000000423,INV-2026-000423,setl_000000000378,300000000378,16437120,0,0,0,16437120,16437120,INR,upi,1787916600,1788003000
pay_000000000424,payment,pay_000000000424,order_000000000424,INV-2026-000424,setl_000000000379,300000000379,18777288,0,0,0,18777288,18777288,INR,netbanking,1781177400,1781263800
pay_000000000425,payment,pay_000000000425,order_000000000425,INV-2026-000425,setl_000000000380,300000000380,31093425,0,0,0,31093425,31093425,INR,upi,1784719800,1784806200
pay_000000000426,payment,pay_000000000426,order_000000000426,INV-2026-000426,setl_000000000381,300000000381,26981099,0,0,0,26981099,26981099,INR,card,1785065400,1785238200
pay_000000000427,payment,pay_000000000427,order_000000000427,INV-2026-000427,setl_000000000382,300000000382,9609920,0,0,0,9609920,9609920,INR,netbanking,1784115000,1784287800
pay_000000000428,payment,pay_000000000428,order_000000000428,INV-2026-000428,setl_000000000383,300000000383,14531430,0,0,0,14531430,14531430,INR,card,1783855800,1783855800
pay_000000000429,payment,pay_000000000429,order_000000000429,INV-2026-000429,setl_000000000384,300000000384,12236759,0,0,0,12236759,12236759,INR,card,1780745400,1780831800
pay_000000000430,payment,pay_000000000430,order_000000000430,INV-2026-000430,setl_000000000385,300000000385,15743980,0,0,0,15743980,15743980,INR,card,1787916600,1788089400
pay_000000000431,payment,pay_000000000431,order_000000000431,INV-2026-000431,setl_000000000386,300000000386,2203950,0,0,0,2203950,2203950,INR,wallet,1784115000,1784287800
pay_000000000432,payment,pay_000000000432,order_000000000432,INV-2026-000432,setl_000000000387,300000000387,19597920,0,0,0,19597920,19597920,INR,card,1781350200,1781350200
pay_000000000433,payment,pay_000000000433,order_000000000433,INV-2026-000433,setl_000000000388,300000000388,11632560,0,0,0,11632560,11632560,INR,wallet,1785497400,1785583800
pay_000000000434,payment,pay_000000000434,order_000000000434,INV-2026-000434,setl_000000000389,300000000389,3186188,0,0,0,3186188,3186188,INR,upi,1783942200,1784028600
pay_000000000435,payment,pay_000000000435,order_000000000435,INV-2026-000435,setl_000000000390,300000000390,32703580,0,0,0,32703580,32703580,INR,wallet,1781695800,1781695800
pay_000000000436,payment,pay_000000000436,order_000000000436,INV-2026-000436,setl_000000000391,300000000391,17331840,0,0,0,17331840,17331840,INR,wallet,1782127800,1782300600
pay_000000000437,payment,pay_000000000437,order_000000000437,INV-2026-000437,setl_000000000392,300000000392,16679460,0,0,0,16679460,16679460,INR,wallet,1781350200,1781436600
pay_000000000438,payment,pay_000000000438,order_000000000438,INV-2026-000438,setl_000000000393,300000000393,7833340,0,0,0,7833340,7833340,INR,wallet,1784201400,1784201400
pay_000000000439,payment,pay_000000000439,order_000000000439,INV-2026-000439,setl_000000000394,300000000394,22776090,0,0,0,22776090,22776090,INR,wallet,1784460600,1784547000
pay_000000000440,payment,pay_000000000440,order_000000000440,INV-2026-000440,setl_000000000395,300000000395,15305250,0,0,0,15305250,15305250,INR,upi,1785151800,1785238200
pay_000000000441,payment,pay_000000000441,order_000000000441,INV-2026-000441,setl_000000000396,300000000396,23163199,463264,83388,0,22616547,22616547,INR,netbanking,1782214200,1782387000
rfnd_000000000001,refund,pay_000000000441,order_000000000441,INV-2026-000441,setl_000000000396,300000000396,5790800,0,0,5790800,0,-5790800,INR,netbanking,1782387000,1782387000
pay_000000000442,payment,pay_000000000442,order_000000000442,INV-2026-000442,setl_000000000397,300000000397,28176225,563525,101435,0,27511265,27511265,INR,wallet,1785324600,1785324600
rfnd_000000000002,refund,pay_000000000442,order_000000000442,INV-2026-000442,setl_000000000397,300000000397,5635245,0,0,5635245,0,-5635245,INR,wallet,1785324600,1785324600
pay_000000000443,payment,pay_000000000443,order_000000000443,INV-2026-000443,setl_000000000398,300000000398,38026199,760524,136894,0,37128781,37128781,INR,wallet,1784115000,1784115000
rfnd_000000000003,refund,pay_000000000443,order_000000000443,INV-2026-000443,setl_000000000398,300000000398,7605240,0,0,7605240,0,-7605240,INR,wallet,1784115000,1784115000
pay_000000000444,payment,pay_000000000444,order_000000000444,INV-2026-000444,setl_000000000399,300000000399,1206900,24138,4345,0,1178417,1178417,INR,netbanking,1782473400,1782473400
rfnd_000000000004,refund,pay_000000000444,order_000000000444,INV-2026-000444,setl_000000000399,300000000399,241380,0,0,241380,0,-241380,INR,netbanking,1782473400,1782473400
pay_000000000445,payment,pay_000000000445,order_000000000445,INV-2026-000445,setl_000000000400,300000000400,36215525,724311,130376,0,35360838,35360838,INR,upi,1780745400,1780745400
rfnd_000000000005,refund,pay_000000000445,order_000000000445,INV-2026-000445,setl_000000000400,300000000400,3621553,0,0,3621553,0,-3621553,INR,upi,1780745400,1780745400
pay_000000000446,payment,pay_000000000446,order_000000000446,INV-2026-000446,setl_000000000401,300000000401,13501400,270028,48605,0,13182767,13182767,INR,wallet,1787743800,1787830200
rfnd_000000000006,refund,pay_000000000446,order_000000000446,INV-2026-000446,setl_000000000401,300000000401,4455462,0,0,4455462,0,-4455462,INR,wallet,1787830200,1787830200
pay_000000000447,payment,pay_000000000447,order_000000000447,INV-2026-000447,setl_000000000402,300000000402,26215200,524304,94375,0,25596521,25596521,INR,netbanking,1787571000,1787657400
rfnd_000000000007,refund,pay_000000000447,order_000000000447,INV-2026-000447,setl_000000000402,300000000402,2621520,0,0,2621520,0,-2621520,INR,netbanking,1787657400,1787657400
pay_000000000448,payment,pay_000000000448,order_000000000448,INV-2026-000448,setl_000000000403,300000000403,7030025,140601,25308,0,6864116,6864116,INR,wallet,1786361400,1786361400
rfnd_000000000008,refund,pay_000000000448,order_000000000448,INV-2026-000448,setl_000000000403,300000000403,1757506,0,0,1757506,0,-1757506,INR,wallet,1786361400,1786361400
pay_000000000449,payment,pay_000000000449,order_000000000449,INV-2026-000449,setl_000000000404,300000000404,11947450,238949,43011,0,11665490,11665490,INR,upi,1784115000,1784287800
rfnd_000000000009,refund,pay_000000000449,order_000000000449,INV-2026-000449,setl_000000000404,300000000404,2986863,0,0,2986863,0,-2986863,INR,upi,1784287800,1784287800
pay_000000000450,payment,pay_000000000450,order_000000000450,INV-2026-000450,setl_000000000405,300000000405,16405850,328117,59061,0,16018672,16018672,INR,wallet,1782041400,1782041400
rfnd_000000000010,refund,pay_000000000450,order_000000000450,INV-2026-000450,setl_000000000405,300000000405,5413931,0,0,5413931,0,-5413931,INR,wallet,1782041400,1782041400
pay_000000000451,payment,pay_000000000451,order_000000000451,INV-2026-000451,setl_000000000406,300000000406,11748600,234972,42295,0,11471333,11471333,INR,card,1787052600,1787225400
rfnd_000000000011,refund,pay_000000000451,order_000000000451,INV-2026-000451,setl_000000000406,300000000406,2349720,0,0,2349720,0,-2349720,INR,card,1787225400,1787225400
pay_000000000452,payment,pay_000000000452,order_000000000452,INV-2026-000452,setl_000000000407,300000000407,26612700,532254,95806,0,25984640,25984640,INR,wallet,1786188600,1786275000
rfnd_000000000012,refund,pay_000000000452,order_000000000452,INV-2026-000452,setl_000000000407,300000000407,2661270,0,0,2661270,0,-2661270,INR,wallet,1786275000,1786275000
pay_000000000453,payment,pay_000000000453,order_000000000453,INV-2026-000453,setl_000000000408,300000000408,33360525,667211,120098,0,32573216,32573216,INR,upi,1784719800,1784806200
rfnd_000000000013,refund,pay_000000000453,order_000000000453,INV-2026-000453,setl_000000000408,300000000408,6672105,0,0,6672105,0,-6672105,INR,upi,1784806200,1784806200
pay_000000000454,payment,pay_000000000454,order_000000000454,INV-2026-000454,setl_000000000409,300000000409,27867075,557342,100322,0,27209411,27209411,INR,card,1783942200,1784115000
rfnd_000000000014,refund,pay_000000000454,order_000000000454,INV-2026-000454,setl_000000000409,300000000409,2786708,0,0,2786708,0,-2786708,INR,card,1784115000,1784115000
pay_000000000455,payment,pay_000000000455,order_000000000455,INV-2026-000455,setl_000000000410,300000000410,1913350,38267,6888,0,1868195,1868195,INR,wallet,1783683000,1783769400
rfnd_000000000015,refund,pay_000000000455,order_000000000455,INV-2026-000455,setl_000000000410,300000000410,191335,0,0,191335,0,-191335,INR,wallet,1783769400,1783769400
pay_000000000456,payment,pay_000000000456,order_000000000456,INV-2026-000456,setl_000000000411,300000000411,16879050,337581,60765,0,16480704,16480704,INR,upi,1787571000,1787571000
rfnd_000000000016,refund,pay_000000000456,order_000000000456,INV-2026-000456,setl_000000000411,300000000411,3375810,0,0,3375810,0,-3375810,INR,upi,1787571000,1787571000
pay_000000000457,payment,pay_000000000457,order_000000000457,INV-2026-000457,setl_000000000412,300000000412,9657600,193152,34767,0,9429681,9429681,INR,card,1780745400,1780831800
rfnd_000000000017,refund,pay_000000000457,order_000000000457,INV-2026-000457,setl_000000000412,300000000412,1931520,0,0,1931520,0,-1931520,INR,card,1780831800,1780831800
pay_000000000458,payment,pay_000000000458,order_000000000458,INV-2026-000458,setl_000000000413,300000000413,19352850,387057,69670,0,18896123,18896123,INR,card,1783423800,1783423800
rfnd_000000000018,refund,pay_000000000458,order_000000000458,INV-2026-000458,setl_000000000413,300000000413,6386441,0,0,6386441,0,-6386441,INR,card,1783423800,1783423800
pay_000000000459,payment,pay_000000000459,order_000000000459,INV-2026-000459,setl_000000000414,300000000414,10276900,205538,36997,0,10034365,10034365,INR,netbanking,1782646200,1782732600
rfnd_000000000019,refund,pay_000000000459,order_000000000459,INV-2026-000459,setl_000000000414,300000000414,1027690,0,0,1027690,0,-1027690,INR,netbanking,1782732600,1782732600
pay_000000000460,payment,pay_000000000460,order_000000000460,INV-2026-000460,setl_000000000415,300000000415,35905350,718107,129259,0,35057984,35057984,INR,wallet,1787052600,1787052600
rfnd_000000000020,refund,pay_000000000460,order_000000000460,INV-2026-000460,setl_000000000415,300000000415,11848766,0,0,11848766,0,-11848766,INR,wallet,1787052600,1787052600
pay_000000000461,payment,pay_000000000461,order_000000000461,INV-2026-000461,setl_000000000416,300000000416,27697675,0,0,0,27697675,27697675,INR,wallet,1782214200,1782300600
pay_000000000462,payment,pay_000000000462,order_000000000462,INV-2026-000462,setl_000000000417,300000000417,17373350,0,0,0,17373350,17373350,INR,wallet,1783164600,1783337400
pay_000000000463,payment,pay_000000000463,order_000000000463,INV-2026-000463,setl_000000000418,300000000418,30204975,0,0,0,30204975,30204975,INR,upi,1782214200,1782387000
pay_000000000464,payment,pay_000000000464,order_000000000464,INV-2026-000464,setl_000000000419,300000000419,7009999,0,0,0,7009999,7009999,INR,wallet,1781523000,1781609400
pay_000000000465,payment,pay_000000000465,order_000000000465,INV-2026-000465,setl_000000000420,300000000420,14147925,0,0,0,14147925,14147925,INR,upi,1781350200,1781436600
pay_000000000466,payment,pay_000000000466,order_000000000466,INV-2026-000466,setl_000000000421,300000000421,34849450,0,0,0,34849450,34849450,INR,upi,1783423800,1783423800
pay_000000000467,payment,pay_000000000467,order_000000000467,INV-2026-000467,setl_000000000422,300000000422,32779500,0,0,0,32779500,32779500,INR,card,1783251000,1783337400
pay_000000000468,payment,pay_000000000468,order_000000000468,INV-2026-000468,setl_000000000423,300000000423,34202675,0,0,0,34202675,34202675,INR,card,1782127800,1782127800
pay_000000000469,payment,pay_000000000469,order_000000000469,INV-2026-000469,setl_000000000424,300000000424,2418500,0,0,0,2418500,2418500,INR,card,1783251000,1783337400
pay_000000000470,payment,pay_000000000470,order_000000000470,INV-2026-000470,setl_000000000425,300000000425,18860025,0,0,0,18860025,18860025,INR,card,1786447800,1786447800
pay_000000000471,payment,pay_000000000471,order_000000000471,INV-2026-000471,setl_000000000426,300000000426,10961765,0,0,0,10961765,10961765,INR,netbanking,1786447800,1786620600
pay_000000000472,payment,pay_000000000472,order_000000000472,INV-2026-000472,setl_000000000427,300000000427,20435369,0,0,0,20435369,20435369,INR,card,1780572600,1780745400
pay_000000000473,payment,pay_000000000473,order_000000000473,INV-2026-000473,setl_000000000428,300000000428,26249467,0,0,0,26249467,26249467,INR,wallet,1787743800,1787916600
pay_000000000474,payment,pay_000000000474,order_000000000474,INV-2026-000474,setl_000000000429,300000000429,28882755,0,0,0,28882755,28882755,INR,upi,1785843000,1785929400
pay_000000000475,payment,pay_000000000475,order_000000000475,INV-2026-000475,setl_000000000430,300000000430,19837061,0,0,0,19837061,19837061,INR,card,1788003000,1788003000
pay_000000000476,payment,pay_000000000476,order_000000000476,INV-2026-000476,setl_000000000431,300000000431,10015830,0,0,0,10015830,10015830,INR,upi,1783337400,1783423800
pay_000000000477,payment,pay_000000000477,order_000000000477,INV-2026-000477,setl_000000000432,300000000432,43184070,0,0,0,43184070,43184070,INR,wallet,1780659000,1780831800
pay_000000000478,payment,pay_000000000478,order_000000000478,INV-2026-000478,setl_000000000433,300000000433,11176180,0,0,0,11176180,11176180,INR,wallet,1783769400,1783855800
pay_000000000479,payment,pay_000000000479,order_000000000479,INV-2026-000479,setl_000000000434,300000000434,158692,0,0,0,158692,158692,INR,card,1786447800,1786534200
pay_000000000480,payment,pay_000000000480,order_000000000480,INV-2026-000480,setl_000000000435,300000000435,38852394,0,0,0,38852394,38852394,INR,card,1782646200,1782819000
pay_000000000481,payment,pay_000000000481,order_000000000481,INV-2026-000481,setl_000000000436,300000000436,28308667,0,0,0,28308667,28308667,INR,upi,1786102200,1786188600
pay_000000000482,payment,pay_000000000482,order_000000000482,INV-2026-000482,setl_000000000437,300000000437,27885349,0,0,0,27885349,27885349,INR,card,1783855800,1784028600
pay_000000000483,payment,pay_000000000483,order_000000000483,INV-2026-000483,setl_000000000438,300000000438,27081900,0,0,0,27081900,27081900,INR,upi,1783164600,1783251000
pay_000000000484,payment,pay_000000000484,order_000000000484,INV-2026-000484,setl_000000000439,300000000439,35269225,0,0,0,35269225,35269225,INR,card,1784806200,1784806200
pay_000000000485,payment,pay_000000000485,order_000000000485,INV-2026-000485,setl_000000000440,300000000440,14263847,0,0,0,14263847,14263847,INR,netbanking,1783855800,1784028600
pay_000000000486,payment,pay_000000000486,order_000000000486,INV-2026-000486,setl_000000000441,300000000441,2224591,0,0,0,2224591,2224591,INR,upi,1784460600,1784633400
pay_000000000487,payment,pay_000000000487,order_000000000487,INV-2026-000487,setl_000000000442,300000000442,25387412,0,0,0,25387412,25387412,INR,wallet,1784633400,1784806200
pay_000000000488,payment,pay_000000000488,order_000000000488,INV-2026-000488,setl_000000000443,300000000443,32419035,0,0,0,32419035,32419035,INR,card,1785843000,1785843000
pay_000000000489,payment,pay_000000000489,order_000000000489,INV-2026-000489,setl_000000000444,300000000444,30754265,0,0,0,30754265,30754265,INR,upi,1783596600,1783683000
pay_000000000490,payment,pay_000000000490,order_000000000490,INV-2026-000490,setl_000000000445,300000000445,28004147,0,0,0,28004147,28004147,INR,wallet,1782473400,1782559800
pay_000000000491,payment,pay_000000000491,order_000000000491,INV-2026-000491,setl_000000000446,300000000446,2995582,0,0,0,2995582,2995582,INR,netbanking,1781609400,1781609400
pay_000000000492,payment,pay_000000000492,order_000000000492,INV-2026-000492,setl_000000000447,300000000447,36507959,0,0,0,36507959,36507959,INR,upi,1784460600,1784460600
pay_000000000493,payment,pay_000000000493,order_000000000493,INV-2026-000493,setl_000000000448,300000000448,33562215,0,0,0,33562215,33562215,INR,netbanking,1782041400,1782041400
pay_000000000494,payment,pay_000000000494,order_000000000494,INV-2026-000494,setl_000000000449,300000000449,26025750,0,0,0,26025750,26025750,INR,card,1785238200,1785324600
pay_000000000495,payment,pay_000000000495,order_000000000495,INV-2026-000495,setl_000000000450,300000000450,10586182,0,0,0,10586182,10586182,INR,netbanking,1781782200,1781868600
