invoice_id,customer_name,invoice_date,due_date,amount,tds_applicable,tds_section,status
INV-2026-000001,BHAVNAGAR FORGINGS LIMITED,2026-08-16,2026-09-15,50000.00,false,,paid
INV-2026-000002,BHAVNAGAR FORGINGS LIMITED,2026-08-16,2026-09-15,69461.00,false,,paid
INV-2026-000003,BHAVNAGAR FORGINGS LIMITED,2026-08-16,2026-09-15,45156.50,false,,paid
INV-2026-000004,BHAVNAGAR FORGINGS LIMITED,2026-08-16,2026-09-15,141424.00,false,,paid
INV-2026-000005,BHAVNAGAR FORGINGS LIMITED,2026-08-15,2026-09-14,5000.00,false,,paid
INV-2026-000006,AMRAVATI AGRO EXPORTS PRIVATE LIMITED,2026-06-02,2026-07-02,200000.00,false,,paid
INV-2026-000007,AMRAVATI AGRO EXPORTS PRIVATE LIMITED,2026-06-03,2026-07-03,3000.00,false,,paid
INV-2026-000008,AMRAVATI AGRO EXPORTS PRIVATE LIMITED,2026-06-01,2026-07-01,28180.00,false,,paid
INV-2026-000009,AMRAVATI FERTILISERS PRIVATE LIMITED,2026-06-26,2026-07-26,6721.00,false,,paid
INV-2026-000010,AMRAVATI FERTILISERS PRIVATE LIMITED,2026-06-27,2026-07-27,15000.00,false,,paid
INV-2026-000011,AMRAVATI FERTILISERS PRIVATE LIMITED,2026-06-26,2026-07-26,194000.00,false,,paid
INV-2026-000012,AMRAVATI FERTILISERS PRIVATE LIMITED,2026-06-26,2026-07-26,216810.00,false,,paid
INV-2026-000013,AMRAVATI FERTILISERS PRIVATE LIMITED,2026-06-26,2026-07-26,116000.00,false,,paid
INV-2026-000014,COIMBATORE FABRICATORS AND COMPANY,2026-07-02,2026-08-01,165560.50,false,,paid
INV-2026-000015,COIMBATORE FABRICATORS AND COMPANY,2026-07-03,2026-08-02,100000.75,false,,paid
INV-2026-000016,COIMBATORE FABRICATORS AND COMPANY,2026-07-01,2026-07-31,12469.00,false,,paid
INV-2026-000017,COIMBATORE FABRICATORS AND COMPANY,2026-07-01,2026-07-31,35107.75,false,,paid
INV-2026-000018,COIMBATORE FABRICATORS AND COMPANY,2026-07-01,2026-07-31,5123.50,false,,paid
INV-2026-000019,BHILAI LOGISTICS PRIVATE LIMITED,2026-07-18,2026-08-17,25670.00,false,,paid
INV-2026-000020,BHILAI LOGISTICS PRIVATE LIMITED,2026-07-18,2026-08-17,4866.00,false,,paid
INV-2026-000021,TRICHY INFRAPROJECTS AND COMPANY,2026-08-08,2026-09-07,236000.00,false,,paid
INV-2026-000022,TRICHY INFRAPROJECTS AND COMPANY,2026-08-06,2026-09-05,5000.00,false,,paid
INV-2026-000023,TRICHY INFRAPROJECTS AND COMPANY,2026-08-08,2026-09-07,66334.00,false,,paid
INV-2026-000024,AMRAVATI BEARINGS LIMITED,2026-06-24,2026-07-24,9983.25,false,,paid
INV-2026-000025,AMRAVATI BEARINGS LIMITED,2026-06-26,2026-07-26,189075.99,false,,paid
INV-2026-000026,AMRAVATI BEARINGS LIMITED,2026-06-26,2026-07-26,18120.00,false,,paid
INV-2026-000027,AMRAVATI BEARINGS LIMITED,2026-06-25,2026-07-25,30000.50,false,,paid
INV-2026-000028,DHANBAD BEARINGS LIMITED,2026-06-03,2026-07-03,82000.00,false,,paid
INV-2026-000029,DHANBAD BEARINGS LIMITED,2026-06-03,2026-07-03,253000.00,false,,paid
INV-2026-000030,UDAIPUR TRADERS INDIA PRIVATE LIMITED,2026-06-26,2026-07-26,134000.00,false,,paid
INV-2026-000031,UDAIPUR TRADERS INDIA PRIVATE LIMITED,2026-06-26,2026-07-26,75395.50,false,,paid
INV-2026-000032,UDAIPUR TRADERS INDIA PRIVATE LIMITED,2026-06-26,2026-07-26,200000.00,false,,paid
INV-2026-000033,UDAIPUR TRADERS INDIA PRIVATE LIMITED,2026-06-27,2026-07-27,40294.00,false,,paid
INV-2026-000034,UDAIPUR TRADERS INDIA PRIVATE LIMITED,2026-06-26,2026-07-26,3298.00,false,,paid
INV-2026-000035,ANANTAPUR ENGINEERING PVT LTD,2026-08-05,2026-09-04,216000.00,false,,paid
INV-2026-000036,ANANTAPUR ENGINEERING PVT LTD,2026-08-07,2026-09-06,290000.00,false,,paid
INV-2026-000037,COIMBATORE DIAGNOSTICS LIMITED,2026-06-24,2026-07-24,46757.00,false,,paid
INV-2026-000038,COIMBATORE DIAGNOSTICS LIMITED,2026-06-24,2026-07-24,100000.50,false,,paid
INV-2026-000039,COIMBATORE DIAGNOSTICS LIMITED,2026-06-25,2026-07-25,30000.00,false,,paid
INV-2026-000040,COIMBATORE DIAGNOSTICS LIMITED,2026-06-24,2026-07-24,15601.00,false,,paid
INV-2026-000041,MYSORE TEXTILES PVT LTD,2026-08-17,2026-09-16,12849.00,false,,paid
INV-2026-000042,MYSORE TEXTILES PVT LTD,2026-08-17,2026-09-16,279476.00,false,,paid
INV-2026-000043,MYSORE TEXTILES PVT LTD,2026-08-18,2026-09-17,17690.25,false,,paid
INV-2026-000044,MYSORE TEXTILES PVT LTD,2026-08-18,2026-09-17,60000.00,false,,paid
INV-2026-000045,VARANASI METALS LIMITED,2026-07-07,2026-08-06,25000.75,false,,paid
INV-2026-000046,VARANASI METALS LIMITED,2026-07-05,2026-08-04,95000.99,false,,paid
INV-2026-000047,LUDHIANA CONTAINERS PVT LTD,2026-07-02,2026-08-01,12466.00,false,,paid
INV-2026-000048,LUDHIANA CONTAINERS PVT LTD,2026-07-03,2026-08-02,85454.00,false,,paid
INV-2026-000049,LUDHIANA CONTAINERS PVT LTD,2026-07-02,2026-08-01,15955.00,false,,paid
INV-2026-000050,LUDHIANA CONTAINERS PVT LTD,2026-07-03,2026-08-02,5000.00,false,,paid
INV-2026-000051,BELGAUM CONTAINERS PVT LTD,2026-06-06,2026-07-06,25020.00,false,,paid
INV-2026-000052,BELGAUM CONTAINERS PVT LTD,2026-06-06,2026-07-06,14120.00,false,,paid
INV-2026-000053,BELGAUM CONTAINERS PVT LTD,2026-06-04,2026-07-04,25928.00,false,,paid
INV-2026-000054,BELGAUM CONTAINERS PVT LTD,2026-06-05,2026-07-05,125000.00,false,,paid
INV-2026-000055,BELGAUM CONTAINERS PVT LTD,2026-06-05,2026-07-05,58173.00,false,,paid
INV-2026-000056,ANANTAPUR PACKAGING LLP,2026-06-27,2026-07-27,133261.00,false,,paid
INV-2026-000057,ANANTAPUR PACKAGING LLP,2026-06-26,2026-07-26,14048.75,false,,paid
INV-2026-000058,ANANTAPUR PACKAGING LLP,2026-06-25,2026-07-25,37755.25,false,,paid
INV-2026-000059,ANANTAPUR PACKAGING LLP,2026-06-27,2026-07-27,200000.00,false,,paid
INV-2026-000060,ANANTAPUR PACKAGING LLP,2026-06-26,2026-07-26,307056.00,false,,paid
INV-2026-000061,JODHPUR HANDICRAFTS LLP,2026-06-02,2026-07-02,465343.00,false,,paid
INV-2026-000062,AMRAVATI AGRO EXPORTS PRIVATE LIMITED,2026-08-27,2026-09-26,26550.00,false,,paid
INV-2026-000063,BHAVNAGAR PACKAGING LLP,2026-06-01,2026-07-01,38042.00,false,,paid
INV-2026-000064,AMRAVATI AGRO EXPORTS PRIVATE LIMITED,2026-07-11,2026-08-10,29275.00,false,,paid
INV-2026-000065,BELGAUM CABLES PRIVATE LIMITED,2026-08-20,2026-09-19,15000.00,false,,paid
INV-2026-000066,INDORE MOTORS PRIVATE LIMITED,2026-06-24,2026-07-24,174000.00,false,,paid
INV-2026-000067,CHANDRAPUR DISTRIBUTORS PRIVATE LIMITED,2026-06-05,2026-07-05,13607.99,false,,paid
INV-2026-000068,AMRAVATI CONSTRUCTIONS PRIVATE LIMITED,2026-06-03,2026-07-03,206900.75,false,,paid
INV-2026-000069,PANIPAT TRANSPORT AND COMPANY,2026-07-28,2026-08-27,150000.00,false,,paid
INV-2026-000070,CALICUT INDUSTRIES INDIA PRIVATE LIMITED,2026-06-04,2026-07-04,47000.00,false,,paid
INV-2026-000071,AMRAVATI CASTINGS LLP,2026-07-20,2026-08-19,24239.00,false,,paid
INV-2026-000072,AMRAVATI INFRAPROJECTS AND COMPANY,2026-06-20,2026-07-20,23087.00,false,,paid
INV-2026-000073,AMRAVATI CASTINGS LLP,2026-08-02,2026-09-01,1247.00,false,,paid
INV-2026-000074,TIRUPUR HANDICRAFTS LLP,2026-06-23,2026-07-23,5634.00,false,,paid
INV-2026-000075,JODHPUR POLYMERS PRIVATE LIMITED,2026-07-25,2026-08-24,150000.00,false,,paid
INV-2026-000076,ERNAKULAM METALS LIMITED,2026-06-05,2026-07-05,200000.25,false,,paid
INV-2026-000077,ERNAKULAM TRADERS INDIA PRIVATE LIMITED,2026-07-03,2026-08-02,27648.00,false,,paid
INV-2026-000078,JAMNAGAR CONSTRUCTIONS PRIVATE LIMITED,2026-06-24,2026-07-24,9000.00,false,,paid
INV-2026-000079,ANANTAPUR AGRO EXPORTS PRIVATE LIMITED,2026-08-15,2026-09-14,114000.00,false,,paid
INV-2026-000080,JALANDHAR MEDIA PVT LTD,2026-08-05,2026-09-04,137238.00,false,,paid
INV-2026-000081,AMRAVATI CASTINGS LLP,2026-06-14,2026-07-14,15764.00,false,,paid
INV-2026-000082,MADURAI CONSTRUCTIONS PRIVATE LIMITED,2026-06-11,2026-07-11,48005.00,false,,paid
INV-2026-000083,AMRAVATI BEARINGS LIMITED,2026-08-11,2026-09-10,150000.00,false,,paid
INV-2026-000084,CHENNAI HANDICRAFTS LLP,2026-07-25,2026-08-24,5000.00,false,,paid
INV-2026-000085,JAMNAGAR POLYMERS PRIVATE LIMITED,2026-06-18,2026-07-18,79679.00,false,,paid
INV-2026-000086,AMRAVATI AGRO EXPORTS PRIVATE LIMITED,2026-07-13,2026-08-12,91152.99,false,,paid
INV-2026-000087,BELGAUM CERAMICS PVT LTD,2026-08-19,2026-09-18,298428.00,false,,paid
INV-2026-000088,BHOPAL HANDICRAFTS LLP,2026-08-26,2026-09-25,6650.25,false,,paid
INV-2026-000089,AMRAVATI AGRO EXPORTS PRIVATE LIMITED,2026-08-24,2026-09-23,30350.50,false,,paid
INV-2026-000090,AMRAVATI BEARINGS LIMITED,2026-07-15,2026-08-14,33172.00,false,,paid
INV-2026-000091,JABALPUR TRANSPORT AND COMPANY,2026-07-10,2026-08-09,50559.00,false,,paid
INV-2026-000092,DEHRADUN METALS LIMITED,2026-06-23,2026-07-23,50000.00,false,,paid
INV-2026-000093,BELGAUM DISTRIBUTORS PRIVATE LIMITED,2026-08-26,2026-09-25,15000.00,false,,paid
INV-2026-000094,JODHPUR DIAGNOSTICS LIMITED,2026-08-02,2026-09-01,252000.50,false,,paid
INV-2026-000095,AMRAVATI CERAMICS PVT LTD,2026-06-25,2026-07-25,200000.00,false,,paid
INV-2026-000096,AMRAVATI COLD STORAGE AND COMPANY,2026-07-10,2026-08-09,268000.00,false,,paid
INV-2026-000097,HUBLI FOODS PVT LTD,2026-06-04,2026-07-04,152000.00,false,,paid
INV-2026-000098,ERNAKULAM TRADERS INDIA PRIVATE LIMITED,2026-06-24,2026-07-24,80574.00,false,,paid
INV-2026-000099,CHANDRAPUR HOSPITALITY PVT LTD,2026-06-16,2026-07-16,161145.00,false,,paid
INV-2026-000100,ANANTAPUR AUTO COMPONENTS PVT LTD,2026-07-04,2026-08-03,10000.25,false,,paid
INV-2026-000101,HALDIA PLASTICS AND COMPANY,2026-08-09,2026-09-08,500000.00,false,,paid
INV-2026-000102,JODHPUR TRANSPORT AND COMPANY,2026-08-21,2026-09-20,20000.75,false,,paid
INV-2026-000103,CHANDRAPUR COLD STORAGE AND COMPANY,2026-07-09,2026-08-08,42179.00,false,,paid
INV-2026-000104,AURANGABAD DIAGNOSTICS LIMITED,2026-08-01,2026-08-31,15542.00,false,,paid
INV-2026-000105,ANANTAPUR INDUSTRIES INDIA PRIVATE LIMITED,2026-08-23,2026-09-22,40000.00,false,,paid
INV-2026-000106,DHANBAD BEARINGS LIMITED,2026-07-01,2026-07-31,34047.00,false,,paid
INV-2026-000107,AMRAVATI CONSTRUCTIONS PRIVATE LIMITED,2026-07-14,2026-08-13,154889.00,false,,paid
INV-2026-000108,BELGAUM FORGINGS LIMITED,2026-06-06,2026-07-06,50000.00,false,,paid
INV-2026-000109,AMRAVATI AGRO EXPORTS PRIVATE LIMITED,2026-07-18,2026-08-17,10840.00,false,,paid
INV-2026-000110,AURANGABAD PHARMACEUTICALS INDIA PRIVATE LIMITED,2026-07-15,2026-08-14,21807.00,false,,paid
INV-2026-000111,VARANASI SOFTWARE SERVICES PRIVATE LIMITED,2026-07-28,2026-08-27,134000.00,false,,paid
INV-2026-000112,DHANBAD ELECTRICALS LLP,2026-07-11,2026-08-10,12778.00,false,,paid
INV-2026-000113,AMRAVATI CABLES PRIVATE LIMITED,2026-08-08,2026-09-07,36166.00,false,,paid
INV-2026-000114,AURANGABAD FABRICATORS AND COMPANY,2026-08-19,2026-09-18,91000.99,false,,paid
INV-2026-000115,BELGAUM CONTAINERS PVT LTD,2026-07-09,2026-08-08,18246.00,false,,paid
INV-2026-000116,MANGALORE AUTO COMPONENTS PVT LTD,2026-06-29,2026-07-29,15997.50,false,,paid
INV-2026-000117,NARMADA FABRICATORS AND COMPANY,2026-06-18,2026-07-18,43547.75,false,,paid
INV-2026-000118,GODAVARI SPINNERS LLP,2026-08-02,2026-09-01,13893.00,false,,paid
INV-2026-000119,TIRUPUR SOFTWARE SERVICES PRIVATE LIMITED,2026-06-10,2026-07-10,10916.00,false,,paid
INV-2026-000120,NASHIK HANDICRAFTS LLP,2026-06-12,2026-07-12,73295.00,false,,paid
INV-2026-000121,DEHRADUN CERAMICS PVT LTD,2026-07-31,2026-08-30,50000.00,false,,paid
INV-2026-000122,SILIGURI PRINTERS PVT LTD,2026-08-11,2026-09-10,13771.25,false,,paid
INV-2026-000123,DEHRADUN ENTERPRISES INDIA PRIVATE LIMITED,2026-08-20,2026-09-19,6951.99,false,,paid
INV-2026-000124,ANANTAPUR HOSPITALITY PVT LTD,2026-06-26,2026-07-26,44210.00,false,,paid
INV-2026-000125,AURANGABAD PACKAGING LLP,2026-08-27,2026-09-26,10000.75,false,,paid
INV-2026-000126,BELGAUM CASTINGS LLP,2026-08-24,2026-09-23,244000.00,false,,paid
INV-2026-000127,AMRAVATI PAPER MILLS PVT LTD,2026-06-03,2026-07-03,25000.50,false,,paid
INV-2026-000128,CHENNAI ENTERPRISES INDIA PRIVATE LIMITED,2026-06-23,2026-07-23,186000.75,false,,paid
INV-2026-000129,LUDHIANA COLD STORAGE AND COMPANY,2026-06-12,2026-07-12,11504.00,false,,paid
INV-2026-000130,ANANTAPUR PAPER MILLS PVT LTD,2026-06-09,2026-07-09,5000.50,false,,paid
INV-2026-000131,DEHRADUN DISTRIBUTORS PRIVATE LIMITED,2026-08-11,2026-09-10,8396.75,false,,paid
INV-2026-000132,AMRAVATI AGRO EXPORTS PRIVATE LIMITED,2026-07-28,2026-08-27,37873.50,false,,paid
INV-2026-000133,AMRAVATI ELECTRICALS LLP,2026-06-28,2026-07-28,11000.99,false,,paid
INV-2026-000134,TRICHY TEXTILES PVT LTD,2026-06-02,2026-07-02,197262.00,false,,paid
INV-2026-000135,AMRAVATI BEARINGS LIMITED,2026-08-18,2026-09-17,13400.00,false,,paid
INV-2026-000136,RAIPUR AGRO EXPORTS PRIVATE LIMITED,2026-06-11,2026-07-11,111000.00,false,,paid
INV-2026-000137,NASHIK HANDICRAFTS LLP,2026-08-01,2026-08-31,270000.00,false,,paid
INV-2026-000138,NAGPUR CERAMICS PVT LTD,2026-08-08,2026-09-07,174000.00,false,,paid
INV-2026-000139,JODHPUR COLD STORAGE AND COMPANY,2026-07-23,2026-08-22,93187.00,false,,paid
INV-2026-000140,BHOPAL CHEMICALS INDIA PRIVATE LIMITED,2026-07-01,2026-07-31,7532.00,false,,paid
INV-2026-000141,INDORE REFRACTORIES LIMITED,2026-06-27,2026-07-27,26466.99,false,,paid
INV-2026-000142,AMRAVATI CASTINGS LLP,2026-07-22,2026-08-21,195910.00,false,,paid
INV-2026-000143,AMRAVATI AUTO COMPONENTS PVT LTD,2026-06-23,2026-07-23,10000.00,false,,paid
INV-2026-000144,BELGAUM FERTILISERS PRIVATE LIMITED,2026-08-18,2026-09-17,120254.00,false,,paid
INV-2026-000145,BHOPAL PACKAGING LLP,2026-06-14,2026-07-14,23409.00,false,,paid
INV-2026-000146,MEERUT LOGISTICS PRIVATE LIMITED,2026-08-22,2026-09-21,25000.00,false,,paid
INV-2026-000147,HUBLI PACKAGING LLP,2026-08-22,2026-09-21,29198.25,false,,paid
INV-2026-000148,BHILAI FORGINGS LIMITED,2026-08-07,2026-09-06,74671.99,false,,paid
INV-2026-000149,AMRAVATI AGRO EXPORTS PRIVATE LIMITED,2026-07-17,2026-08-16,57009.99,false,,paid
INV-2026-000150,AMRAVATI AUTO COMPONENTS PVT LTD,2026-08-08,2026-09-07,26505.00,false,,paid
INV-2026-000151,AMRAVATI AGRO EXPORTS PRIVATE LIMITED,2026-06-04,2026-07-04,18612.99,false,,paid
INV-2026-000152,AMRAVATI ENGINEERING PVT LTD,2026-06-16,2026-07-16,131000.00,false,,paid
INV-2026-000153,DEHRADUN ELECTRICALS LLP,2026-08-15,2026-09-14,110000.00,false,,paid
INV-2026-000154,BHILAI COLD STORAGE AND COMPANY,2026-08-17,2026-09-16,33000.00,false,,paid
INV-2026-000155,GANDHINAGAR CONSTRUCTIONS PRIVATE LIMITED,2026-06-24,2026-07-24,59674.99,false,,paid
INV-2026-000156,BHILAI AUTO COMPONENTS PVT LTD,2026-07-17,2026-08-16,50090.00,false,,paid
INV-2026-000157,AMRAVATI CERAMICS PVT LTD,2026-08-10,2026-09-09,29924.00,false,,paid
INV-2026-000158,BELGAUM GARMENTS PRIVATE LIMITED,2026-07-25,2026-08-24,40739.00,false,,paid
INV-2026-000159,MEERUT DIAGNOSTICS LIMITED,2026-08-19,2026-09-18,1768.99,false,,paid
INV-2026-000160,KAKINADA INDUSTRIES INDIA PRIVATE LIMITED,2026-07-27,2026-08-26,29185.00,false,,paid
INV-2026-000161,ANANTAPUR LOGISTICS PRIVATE LIMITED,2026-08-09,2026-09-08,219000.00,false,,paid
INV-2026-000162,JABALPUR HANDICRAFTS LLP,2026-08-29,2026-09-28,4626.99,false,,paid
INV-2026-000163,COIMBATORE INDUSTRIES INDIA PRIVATE LIMITED,2026-06-01,2026-07-01,48058.00,false,,paid
INV-2026-000164,CHANDRAPUR TRADERS INDIA PRIVATE LIMITED,2026-08-02,2026-09-01,260000.00,false,,paid
INV-2026-000165,SURAT TEXTILES PVT LTD,2026-06-22,2026-07-22,100000.00,false,,paid
INV-2026-000166,INDORE FORGINGS LIMITED,2026-07-04,2026-08-03,30000.00,false,,paid
INV-2026-000167,RAJKOT PRINTERS PVT LTD,2026-07-11,2026-08-10,22945.00,false,,paid
INV-2026-000168,COIMBATORE SPINNERS LLP,2026-06-08,2026-07-08,20000.99,false,,paid
INV-2026-000169,BELGAUM TEXTILES PVT LTD,2026-07-14,2026-08-13,283000.50,false,,paid
INV-2026-000170,AURANGABAD BEARINGS LIMITED,2026-06-20,2026-07-20,4173.75,false,,paid
INV-2026-000171,GUNTUR MEDIA PVT LTD,2026-08-23,2026-09-22,109000.99,false,,paid
INV-2026-000172,JABALPUR MOTORS PRIVATE LIMITED,2026-07-14,2026-08-13,74000.00,false,,paid
INV-2026-000173,BHAVNAGAR SPINNERS LLP,2026-06-08,2026-07-08,70000.00,false,,paid
INV-2026-000174,NARMADA REFRACTORIES LIMITED,2026-08-09,2026-09-08,24237.75,false,,paid
INV-2026-000175,GODAVARI INFRAPROJECTS AND COMPANY,2026-08-27,2026-09-26,38526.00,false,,paid
INV-2026-000176,AMRAVATI PACKAGING LLP,2026-08-08,2026-09-07,5424.99,false,,paid
INV-2026-000177,CALICUT FOODS PVT LTD,2026-08-26,2026-09-25,40000.00,false,,paid
INV-2026-000178,AURANGABAD REFRACTORIES LIMITED,2026-07-25,2026-08-24,93065.00,false,,paid
INV-2026-000179,BELGAUM TRANSPORT AND COMPANY,2026-07-19,2026-08-18,35208.00,false,,paid
INV-2026-000180,GWALIOR PRINTERS PVT LTD,2026-08-05,2026-09-04,250000.25,false,,paid
INV-2026-000181,AMRAVATI LOGISTICS PRIVATE LIMITED,2026-08-02,2026-09-01,133000.00,false,,paid
INV-2026-000182,CHENNAI LOGISTICS PRIVATE LIMITED,2026-06-12,2026-07-12,90466.00,false,,paid
INV-2026-000183,BHOPAL AGRO EXPORTS PRIVATE LIMITED,2026-06-02,2026-07-02,280000.00,false,,paid
INV-2026-000184,AURANGABAD SPINNERS LLP,2026-07-19,2026-08-18,29203.00,false,,paid
INV-2026-000185,BHILAI PACKAGING LLP,2026-06-07,2026-07-07,101201.00,false,,paid
INV-2026-000186,INDORE COLD STORAGE AND COMPANY,2026-06-26,2026-07-26,58240.00,false,,paid
INV-2026-000187,NASHIK INFRAPROJECTS AND COMPANY,2026-06-30,2026-07-30,276000.00,false,,paid
INV-2026-000188,ANANTAPUR PACKAGING LLP,2026-08-03,2026-09-02,40000.00,false,,paid
INV-2026-000189,AMRAVATI HANDICRAFTS LLP,2026-07-22,2026-08-21,156000.00,false,,paid
INV-2026-000190,BELGAUM COLD STORAGE AND COMPANY,2026-06-29,2026-07-29,125000.00,false,,paid
INV-2026-000191,ERNAKULAM ENGINEERING PVT LTD,2026-06-07,2026-07-07,292000.00,false,,paid
INV-2026-000192,KAKINADA SPINNERS LLP,2026-07-30,2026-08-29,32340.99,false,,paid
INV-2026-000193,AMRAVATI DISTRIBUTORS PRIVATE LIMITED,2026-06-15,2026-07-15,30000.00,false,,paid
INV-2026-000194,VARANASI METALS LIMITED,2026-07-15,2026-08-14,33000.25,false,,paid
INV-2026-000195,AMRAVATI AGRO EXPORTS PRIVATE LIMITED,2026-06-26,2026-07-26,168315.00,false,,paid
INV-2026-000196,AMRAVATI DISTRIBUTORS PRIVATE LIMITED,2026-07-19,2026-08-18,49748.00,false,,paid
INV-2026-000197,ANANTAPUR CHEMICALS INDIA PRIVATE LIMITED,2026-07-03,2026-08-02,500000.75,false,,paid
INV-2026-000198,AMRAVATI DISTRIBUTORS PRIVATE LIMITED,2026-06-16,2026-07-16,22338.00,false,,paid
INV-2026-000199,UDAIPUR DIAGNOSTICS LIMITED,2026-08-23,2026-09-22,68184.25,false,,paid
INV-2026-000200,GWALIOR GARMENTS PRIVATE LIMITED,2026-06-12,2026-07-12,200000.00,false,,paid
INV-2026-000201,AMRAVATI CHEMICALS INDIA PRIVATE LIMITED,2026-08-18,2026-09-17,135017.00,false,,paid
INV-2026-000202,AMRAVATI AUTO COMPONENTS PVT LTD,2026-06-15,2026-07-15,4789.00,false,,paid
INV-2026-000203,AMRAVATI AGRO EXPORTS PRIVATE LIMITED,2026-08-18,2026-09-17,288000.00,false,,paid
INV-2026-000204,GANDHINAGAR POLYMERS PRIVATE LIMITED,2026-07-04,2026-08-03,68218.00,false,,paid
INV-2026-000205,AMRAVATI FABRICATORS AND COMPANY,2026-06-01,2026-07-01,143000.50,false,,paid
INV-2026-000206,CHENNAI PLASTICS AND COMPANY,2026-06-22,2026-07-22,500000.99,false,,paid
INV-2026-000207,AURANGABAD COLD STORAGE AND COMPANY,2026-06-20,2026-07-20,148000.00,false,,paid
INV-2026-000208,AMRAVATI CHEMICALS INDIA PRIVATE LIMITED,2026-07-14,2026-08-13,34695.99,false,,paid
INV-2026-000209,BHAVNAGAR AUTO COMPONENTS PVT LTD,2026-07-08,2026-08-07,15809.50,false,,paid
INV-2026-000210,BHAVNAGAR CONTAINERS PVT LTD,2026-07-17,2026-08-16,54525.00,false,,paid
INV-2026-000211,ERNAKULAM METALS LIMITED,2026-07-17,2026-08-16,15269.75,false,,paid
INV-2026-000212,AMRAVATI CABLES PRIVATE LIMITED,2026-08-03,2026-09-02,33400.00,false,,paid
INV-2026-000213,GUNTUR ENTERPRISES INDIA PRIVATE LIMITED,2026-06-20,2026-07-20,125000.00,false,,paid
INV-2026-000214,ANANTAPUR PRINTERS PVT LTD,2026-06-11,2026-07-11,90324.00,false,,paid
INV-2026-000215,CHANDRAPUR HANDICRAFTS LLP,2026-08-27,2026-09-26,149000.00,false,,paid
INV-2026-000216,RAJKOT PLASTICS AND COMPANY,2026-06-10,2026-07-10,30720.00,false,,paid
INV-2026-000217,GANDHINAGAR POLYMERS PRIVATE LIMITED,2026-07-24,2026-08-23,200000.00,false,,paid
INV-2026-000218,GWALIOR FABRICATORS AND COMPANY,2026-07-10,2026-08-09,20000.75,false,,paid
INV-2026-000219,GWALIOR HOSPITALITY PVT LTD,2026-06-01,2026-07-01,229000.75,false,,paid
INV-2026-000220,BHOPAL LOGISTICS PRIVATE LIMITED,2026-08-28,2026-09-27,21092.00,false,,paid
INV-2026-000221,AMRAVATI REFRACTORIES LIMITED,2026-06-29,2026-07-29,167339.50,false,,paid
INV-2026-000222,ANANTAPUR FABRICATORS AND COMPANY,2026-08-02,2026-09-01,25404.00,false,,paid
INV-2026-000223,ANANTAPUR GARMENTS PRIVATE LIMITED,2026-06-04,2026-07-04,27364.00,false,,paid
INV-2026-000224,AURANGABAD FABRICATORS AND COMPANY,2026-06-13,2026-07-13,8461.25,false,,paid
INV-2026-000225,AMRAVATI CASTINGS LLP,2026-06-30,2026-07-30,45409.00,false,,paid
INV-2026-000226,KANPUR TRADERS INDIA PRIVATE LIMITED,2026-08-07,2026-09-06,272000.00,false,,paid
INV-2026-000227,AMRAVATI CONSTRUCTIONS PRIVATE LIMITED,2026-08-20,2026-09-19,14521.50,false,,paid
INV-2026-000228,AMRAVATI AGRO EXPORTS PRIVATE LIMITED,2026-07-27,2026-08-26,30617.00,false,,paid
INV-2026-000229,BHAVNAGAR TRADERS INDIA PRIVATE LIMITED,2026-06-17,2026-07-17,14748.00,false,,paid
INV-2026-000230,BELGAUM CERAMICS PVT LTD,2026-06-25,2026-07-25,55522.99,false,,paid
INV-2026-000231,MANGALORE FOODS PVT LTD,2026-08-03,2026-09-02,289000.00,false,,paid
INV-2026-000232,AMRAVATI INDUSTRIES INDIA PRIVATE LIMITED,2026-07-06,2026-08-05,51232.00,false,,paid
INV-2026-000233,KAKINADA TRADERS INDIA PRIVATE LIMITED,2026-06-16,2026-07-16,22541.00,false,,paid
INV-2026-000234,KRISHNA CASTINGS LLP,2026-08-13,2026-09-12,191000.75,false,,paid
INV-2026-000235,AMRAVATI GARMENTS PRIVATE LIMITED,2026-08-18,2026-09-17,11042.00,false,,paid
INV-2026-000236,GANDHINAGAR PACKAGING LLP,2026-07-02,2026-08-01,18926.50,false,,paid
INV-2026-000237,ANANTAPUR FOODS PVT LTD,2026-07-30,2026-08-29,233000.00,false,,paid
INV-2026-000238,ANANTAPUR DISTRIBUTORS PRIVATE LIMITED,2026-06-08,2026-07-08,248000.00,false,,paid
INV-2026-000239,AMRAVATI FABRICATORS AND COMPANY,2026-07-16,2026-08-15,29372.99,false,,paid
INV-2026-000240,UDAIPUR REFRACTORIES LIMITED,2026-06-06,2026-07-06,11841.00,false,,paid
INV-2026-000241,PANIPAT PLASTICS AND COMPANY,2026-08-25,2026-09-24,28960.00,false,,paid
INV-2026-000242,INDORE AUTO COMPONENTS PVT LTD,2026-07-03,2026-08-02,60000.00,false,,paid
INV-2026-000243,NAGPUR HOSPITALITY PVT LTD,2026-07-11,2026-08-10,15000.00,false,,paid
INV-2026-000244,AMRAVATI AUTO COMPONENTS PVT LTD,2026-06-23,2026-07-23,13969.00,false,,paid
INV-2026-000245,AMRAVATI ENTERPRISES INDIA PRIVATE LIMITED,2026-07-15,2026-08-14,60000.00,false,,paid
INV-2026-000246,NARMADA AUTO COMPONENTS PVT LTD,2026-08-27,2026-09-26,40000.00,false,,paid
INV-2026-000247,AMRAVATI CONSTRUCTIONS PRIVATE LIMITED,2026-06-03,2026-07-03,100000.00,false,,paid
INV-2026-000248,AMRAVATI DISTRIBUTORS PRIVATE LIMITED,2026-06-24,2026-07-24,17654.00,false,,paid
INV-2026-000249,HOSUR FERTILISERS PRIVATE LIMITED,2026-08-24,2026-09-23,14443.25,false,,paid
INV-2026-000250,AMRAVATI BEARINGS LIMITED,2026-08-14,2026-09-13,7176.00,false,,paid
INV-2026-000251,AMRAVATI TEXTILES PVT LTD,2026-08-12,2026-09-11,298000.25,false,,paid
INV-2026-000252,AMRAVATI ENTERPRISES INDIA PRIVATE LIMITED,2026-07-30,2026-08-29,100000.75,false,,paid
INV-2026-000253,MADURAI INFRAPROJECTS AND COMPANY,2026-06-22,2026-07-22,12663.00,false,,paid
INV-2026-000254,BHILAI CERAMICS PVT LTD,2026-07-23,2026-08-22,35164.00,false,,paid
INV-2026-000255,BHILAI FERTILISERS PRIVATE LIMITED,2026-07-07,2026-08-06,20000.00,false,,paid
INV-2026-000256,ANANTAPUR TRANSPORT AND COMPANY,2026-06-21,2026-07-21,216000.50,false,,paid
INV-2026-000257,CUTTACK GARMENTS PRIVATE LIMITED,2026-07-03,2026-08-02,15450.00,false,,paid
INV-2026-000258,LUDHIANA ENGINEERING PVT LTD,2026-08-12,2026-09-11,71290.00,false,,paid
INV-2026-000259,AMRAVATI CERAMICS PVT LTD,2026-08-17,2026-09-16,18770.75,false,,paid
INV-2026-000260,KAKINADA CERAMICS PVT LTD,2026-08-15,2026-09-14,58485.00,false,,paid
INV-2026-000261,CHANDRAPUR FERTILISERS PRIVATE LIMITED,2026-06-05,2026-07-05,100000.00,false,,paid
INV-2026-000262,BHAVNAGAR SOFTWARE SERVICES PRIVATE LIMITED,2026-08-14,2026-09-13,16824.00,false,,paid
INV-2026-000263,AMRAVATI BEARINGS LIMITED,2026-08-16,2026-09-15,239755.00,false,,paid
INV-2026-000264,TRICHY DISTRIBUTORS PRIVATE LIMITED,2026-07-17,2026-08-16,107589.25,false,,paid
INV-2026-000265,CHANDRAPUR COLD STORAGE AND COMPANY,2026-07-01,2026-07-31,23206.00,false,,paid
INV-2026-000266,ANANTAPUR AUTO COMPONENTS PVT LTD,2026-08-26,2026-09-25,84960.25,false,,paid
INV-2026-000267,DEHRADUN INDUSTRIES INDIA PRIVATE LIMITED,2026-08-27,2026-09-26,250000.75,false,,paid
INV-2026-000268,LUDHIANA SPINNERS LLP,2026-07-21,2026-08-20,39516.00,false,,paid
INV-2026-000269,GWALIOR DIAGNOSTICS LIMITED,2026-08-11,2026-09-10,22979.00,false,,paid
INV-2026-000270,CUTTACK ELECTRICALS LLP,2026-08-10,2026-09-09,27926.99,false,,paid
INV-2026-000271,BHILAI HOSPITALITY PVT LTD,2026-07-30,2026-08-29,18035.00,false,,paid
INV-2026-000272,JAMNAGAR MOTORS PRIVATE LIMITED,2026-07-05,2026-08-04,125000.00,false,,paid
INV-2026-000273,AMRAVATI BEARINGS LIMITED,2026-07-15,2026-08-14,3950.99,false,,paid
INV-2026-000274,SALEM CERAMICS PVT LTD,2026-06-28,2026-07-28,99527.25,false,,paid
INV-2026-000275,HALDIA POLYMERS PRIVATE LIMITED,2026-08-05,2026-09-04,5571.99,false,,paid
INV-2026-000276,AMRAVATI AGRO EXPORTS PRIVATE LIMITED,2026-06-25,2026-07-25,59531.25,false,,paid
INV-2026-000277,HUBLI INFRAPROJECTS AND COMPANY,2026-06-29,2026-07-29,5079.00,false,,paid
INV-2026-000278,AMRAVATI CASTINGS LLP,2026-06-05,2026-07-05,299000.00,false,,paid
INV-2026-000279,GANDHINAGAR CONSTRUCTIONS PRIVATE LIMITED,2026-07-04,2026-08-03,237713.00,false,,paid
INV-2026-000280,BHAVNAGAR LOGISTICS PRIVATE LIMITED,2026-06-12,2026-07-12,22249.00,false,,paid
INV-2026-000281,CALICUT ENGINEERING PVT LTD,2026-06-03,2026-07-03,30352.00,false,,paid
INV-2026-000282,BHILAI CABLES PRIVATE LIMITED,2026-08-05,2026-09-04,250000.00,false,,paid
INV-2026-000283,ANANTAPUR AGRO EXPORTS PRIVATE LIMITED,2026-07-11,2026-08-10,28619.00,false,,paid
INV-2026-000284,CHENNAI CONTAINERS PVT LTD,2026-06-20,2026-07-20,60000.00,false,,paid
INV-2026-000285,AMRAVATI AUTO COMPONENTS PVT LTD,2026-06-30,2026-07-30,146743.00,false,,paid
INV-2026-000286,SILIGURI COLD STORAGE AND COMPANY,2026-06-04,2026-07-04,32962.00,false,,paid
INV-2026-000287,GODAVARI PHARMACEUTICALS INDIA PRIVATE LIMITED,2026-07-18,2026-08-17,71000.50,false,,paid
INV-2026-000288,AURANGABAD ENTERPRISES INDIA PRIVATE LIMITED,2026-07-22,2026-08-21,125000.00,false,,paid
INV-2026-000289,AMRAVATI CERAMICS PVT LTD,2026-06-08,2026-07-08,23145.00,false,,paid
INV-2026-000290,CHENNAI POLYMERS PRIVATE LIMITED,2026-07-03,2026-08-02,102601.99,false,,paid
INV-2026-000291,JALANDHAR TRADERS INDIA PRIVATE LIMITED,2026-07-31,2026-08-30,40000.00,false,,paid
INV-2026-000292,JAMNAGAR FOODS PVT LTD,2026-06-26,2026-07-26,15000.50,false,,paid
INV-2026-000293,JABALPUR ELECTRICALS LLP,2026-06-30,2026-07-30,36199.75,false,,paid
INV-2026-000294,HOSUR TRANSPORT AND COMPANY,2026-08-29,2026-09-28,290000.25,false,,paid
INV-2026-000295,TIRUPUR TRADERS INDIA PRIVATE LIMITED,2026-07-24,2026-08-23,16742.00,false,,paid
INV-2026-000296,AURANGABAD PLASTICS AND COMPANY,2026-07-24,2026-08-23,30000.00,false,,paid
INV-2026-000297,BELGAUM DISTRIBUTORS PRIVATE LIMITED,2026-07-31,2026-08-30,75788.00,false,,paid
INV-2026-000298,GUNTUR DISTRIBUTORS PRIVATE LIMITED,2026-07-13,2026-08-12,30000.00,false,,paid
INV-2026-000299,INDORE PRINTERS PVT LTD,2026-07-24,2026-08-23,53858.99,false,,paid
INV-2026-000300,BHAVNAGAR DISTRIBUTORS PRIVATE LIMITED,2026-06-21,2026-07-21,100000.00,false,,paid
INV-2026-000301,AURANGABAD AGRO EXPORTS PRIVATE LIMITED,2026-08-27,2026-09-26,13671.00,false,,paid
INV-2026-000302,SURAT AUTO COMPONENTS PVT LTD,2026-08-18,2026-09-17,40561.00,false,,paid
INV-2026-000303,INDORE FORGINGS LIMITED,2026-07-21,2026-08-20,22849.00,false,,paid
INV-2026-000304,JALANDHAR HANDICRAFTS LLP,2026-08-25,2026-09-24,125000.00,false,,paid
INV-2026-000305,AMRAVATI ENTERPRISES INDIA PRIVATE LIMITED,2026-08-10,2026-09-09,5022.00,false,,paid
INV-2026-000306,CUTTACK INFRAPROJECTS AND COMPANY,2026-07-20,2026-08-19,7103.00,false,,paid
INV-2026-000307,BHAVNAGAR POLYMERS PRIVATE LIMITED,2026-06-22,2026-07-22,20000.00,false,,paid
INV-2026-000308,TIRUPUR BEARINGS LIMITED,2026-08-21,2026-09-20,43525.25,false,,paid
INV-2026-000309,CHANDRAPUR LOGISTICS PRIVATE LIMITED,2026-08-14,2026-09-13,14000.75,false,,paid
INV-2026-000310,KOLHAPUR ELECTRICALS LLP,2026-07-30,2026-08-29,30000.75,false,,paid
INV-2026-000311,KOLHAPUR AUTO COMPONENTS PVT LTD,2026-08-07,2026-09-06,6509.00,false,,paid
INV-2026-000312,AMRAVATI MEDIA PVT LTD,2026-08-10,2026-09-09,18600.25,false,,paid
INV-2026-000313,NASHIK MEDIA PVT LTD,2026-08-10,2026-09-09,415666.00,false,,paid
INV-2026-000314,AMRAVATI AGRO EXPORTS PRIVATE LIMITED,2026-08-28,2026-09-27,13000.00,false,,paid
INV-2026-000315,ERNAKULAM DIAGNOSTICS LIMITED,2026-06-29,2026-07-29,47919.00,false,,paid
INV-2026-000316,GANDHINAGAR PAPER MILLS PVT LTD,2026-08-18,2026-09-17,50000.00,false,,paid
INV-2026-000317,ANANTAPUR ELECTRICALS LLP,2026-07-08,2026-08-07,59553.00,false,,paid
INV-2026-000318,JALANDHAR MOTORS PRIVATE LIMITED,2026-07-28,2026-08-27,8210.00,false,,paid
INV-2026-000319,HALDIA CHEMICALS INDIA PRIVATE LIMITED,2026-07-12,2026-08-11,24358.50,false,,paid
INV-2026-000320,AMRAVATI COLD STORAGE AND COMPANY,2026-08-06,2026-09-05,6168.99,false,,paid
INV-2026-000321,ERNAKULAM MEDIA PVT LTD,2026-07-23,2026-08-22,44054.25,false,,paid
INV-2026-000322,VARANASI METALS LIMITED,2026-08-29,2026-09-28,66897.25,false,,paid
INV-2026-000323,HOSUR METALS LIMITED,2026-07-25,2026-08-24,117179.00,false,,paid
INV-2026-000324,AMRAVATI AGRO EXPORTS PRIVATE LIMITED,2026-08-19,2026-09-18,20247.00,false,,paid
INV-2026-000325,COIMBATORE CONSTRUCTIONS PRIVATE LIMITED,2026-07-09,2026-08-08,43594.00,false,,paid
INV-2026-000326,KANPUR CABLES PRIVATE LIMITED,2026-08-17,2026-09-16,92358.00,false,,paid
INV-2026-000327,AURANGABAD GARMENTS PRIVATE LIMITED,2026-06-02,2026-07-02,150000.00,false,,paid
INV-2026-000328,SILIGURI FABRICATORS AND COMPANY,2026-08-13,2026-09-12,6694.00,false,,paid
INV-2026-000329,BHAVNAGAR INFRAPROJECTS AND COMPANY,2026-06-03,2026-07-03,5076.00,false,,paid
INV-2026-000330,SALEM LOGISTICS PRIVATE LIMITED,2026-06-03,2026-07-03,8012.00,false,,paid
INV-2026-000331,GUNTUR ELECTRICALS LLP,2026-06-29,2026-07-29,100000.00,false,,paid
INV-2026-000332,CHANDRAPUR CONSTRUCTIONS PRIVATE LIMITED,2026-06-30,2026-07-30,58856.75,false,,paid
INV-2026-000333,ANANTAPUR HOSPITALITY PVT LTD,2026-07-21,2026-08-20,17000.25,false,,paid
INV-2026-000334,AMRAVATI AGRO EXPORTS PRIVATE LIMITED,2026-07-08,2026-08-07,500000.50,false,,paid
INV-2026-000335,HALDIA CHEMICALS INDIA PRIVATE LIMITED,2026-06-06,2026-07-06,52159.00,false,,paid
INV-2026-000336,CALICUT HANDICRAFTS LLP,2026-06-13,2026-07-13,17146.00,false,,paid
INV-2026-000337,NAGPUR FERTILISERS PRIVATE LIMITED,2026-07-13,2026-08-12,24850.00,false,,paid
INV-2026-000338,AMRAVATI COLD STORAGE AND COMPANY,2026-08-06,2026-09-05,16201.99,false,,paid
INV-2026-000339,DEHRADUN POLYMERS PRIVATE LIMITED,2026-06-11,2026-07-11,5149.00,false,,paid
INV-2026-000340,HOSUR INFRAPROJECTS AND COMPANY,2026-07-19,2026-08-18,30000.99,false,,paid
INV-2026-000341,GANDHINAGAR INFRAPROJECTS AND COMPANY,2026-07-04,2026-08-03,37956.00,false,,paid
INV-2026-000342,MANGALORE INDUSTRIES INDIA PRIVATE LIMITED,2026-06-11,2026-07-11,18626.50,false,,paid
INV-2026-000343,HOSUR PAPER MILLS PVT LTD,2026-07-31,2026-08-30,76401.00,false,,paid
INV-2026-000344,GWALIOR FORGINGS LIMITED,2026-08-05,2026-09-04,208808.00,false,,paid
INV-2026-000345,AMRAVATI POLYMERS PRIVATE LIMITED,2026-06-17,2026-07-17,26245.00,false,,paid
INV-2026-000346,JAMNAGAR INDUSTRIES INDIA PRIVATE LIMITED,2026-06-25,2026-07-25,250000.00,false,,paid
INV-2026-000347,PANIPAT PLASTICS AND COMPANY,2026-08-06,2026-09-05,500000.25,false,,paid
INV-2026-000348,AMRAVATI FORGINGS LIMITED,2026-08-04,2026-09-03,23049.00,false,,paid
INV-2026-000349,AURANGABAD ENGINEERING PVT LTD,2026-07-02,2026-08-01,19971.00,false,,paid
INV-2026-000350,CHANDRAPUR ELECTRICALS LLP,2026-06-15,2026-07-15,100000.99,false,,paid
INV-2026-000351,HALDIA ENTERPRISES INDIA PRIVATE LIMITED,2026-07-07,2026-08-06,42536.99,false,,paid
INV-2026-000352,GODAVARI COLD STORAGE AND COMPANY,2026-08-25,2026-09-24,30000.00,false,,paid
INV-2026-000353,KOLHAPUR CHEMICALS INDIA PRIVATE LIMITED,2026-06-06,2026-07-06,60000.00,false,,paid
INV-2026-000354,AMRAVATI PLASTICS AND COMPANY,2026-08-05,2026-09-04,20166.00,false,,paid
INV-2026-000355,AMRAVATI AGRO EXPORTS PRIVATE LIMITED,2026-06-23,2026-07-23,12908.99,false,,paid
INV-2026-000356,NASHIK DIAGNOSTICS LIMITED,2026-08-01,2026-08-31,225000.00,false,,paid
INV-2026-000357,NAGPUR PACKAGING LLP,2026-07-27,2026-08-26,294000.25,false,,paid
INV-2026-000358,DEHRADUN CHEMICALS INDIA PRIVATE LIMITED,2026-08-03,2026-09-02,24107.00,false,,paid
INV-2026-000359,JAMNAGAR BEARINGS LIMITED,2026-08-05,2026-09-04,28017.99,false,,paid
INV-2026-000360,JODHPUR ELECTRICALS LLP,2026-08-02,2026-09-01,48208.00,false,,paid
INV-2026-000361,CALICUT CHEMICALS INDIA PRIVATE LIMITED,2026-07-04,2026-08-03,43000.99,false,,paid
INV-2026-000362,AMRAVATI AGRO EXPORTS PRIVATE LIMITED,2026-08-14,2026-09-13,125000.25,false,,paid
INV-2026-000363,GODAVARI MOTORS PRIVATE LIMITED,2026-08-13,2026-09-12,289939.00,false,,paid
INV-2026-000364,BELGAUM REFRACTORIES LIMITED,2026-07-29,2026-08-28,20000.00,false,,paid
INV-2026-000365,AMRAVATI DIAGNOSTICS LIMITED,2026-08-01,2026-08-31,24270.99,false,,paid
INV-2026-000366,UDAIPUR CHEMICALS INDIA PRIVATE LIMITED,2026-08-09,2026-09-08,242000.00,false,,paid
INV-2026-000367,JAMNAGAR ENGINEERING PVT LTD,2026-07-21,2026-08-20,200000.00,false,,paid
INV-2026-000368,KANPUR GARMENTS PRIVATE LIMITED,2026-08-23,2026-09-22,9470.00,false,,paid
INV-2026-000369,BELGAUM CASTINGS LLP,2026-08-11,2026-09-10,12746.25,false,,paid
INV-2026-000370,ANANTAPUR CASTINGS LLP,2026-06-05,2026-07-05,77224.00,false,,paid
INV-2026-000371,CUTTACK CERAMICS PVT LTD,2026-06-13,2026-07-13,4648.00,false,,paid
INV-2026-000372,DHANBAD FERTILISERS PRIVATE LIMITED,2026-07-06,2026-08-05,26593.00,false,,paid
INV-2026-000373,LUDHIANA TRANSPORT AND COMPANY,2026-07-06,2026-08-05,125000.25,false,,paid
INV-2026-000374,AURANGABAD POLYMERS PRIVATE LIMITED,2026-07-29,2026-08-28,25541.00,false,,paid
INV-2026-000375,SILIGURI HOSPITALITY PVT LTD,2026-08-20,2026-09-19,30000.00,false,,paid
INV-2026-000376,AMRAVATI AGRO EXPORTS PRIVATE LIMITED,2026-06-02,2026-07-02,26676.00,false,,paid
INV-2026-000377,AMRAVATI AGRO EXPORTS PRIVATE LIMITED,2026-06-22,2026-07-22,150000.00,false,,paid
INV-2026-000378,AURANGABAD METALS LIMITED,2026-06-12,2026-07-12,52653.75,false,,paid
INV-2026-000379,JAMNAGAR INFRAPROJECTS AND COMPANY,2026-08-03,2026-09-02,102217.00,false,,paid
INV-2026-000380,KRISHNA HANDICRAFTS LLP,2026-06-27,2026-07-27,149000.00,false,,paid
INV-2026-000381,TIRUPUR PRINTERS PVT LTD,2026-07-21,2026-08-20,40000.00,false,,paid
INV-2026-000382,BELGAUM AUTO COMPONENTS PVT LTD,2026-06-01,2026-07-01,291000.00,false,,paid
INV-2026-000383,DEHRADUN PHARMACEUTICALS INDIA PRIVATE LIMITED,2026-06-01,2026-07-01,32108.25,false,,paid
INV-2026-000384,AMRAVATI ELECTRICALS LLP,2026-07-11,2026-08-10,150000.00,false,,paid
INV-2026-000385,BHAVNAGAR MEDIA PVT LTD,2026-08-14,2026-09-13,14186.00,false,,paid
INV-2026-000386,KANPUR SPINNERS LLP,2026-07-09,2026-08-08,5695.50,false,,paid
INV-2026-000387,SILIGURI CONTAINERS PVT LTD,2026-08-29,2026-09-28,208000.50,false,,paid
INV-2026-000388,MANGALORE ENGINEERING PVT LTD,2026-06-06,2026-07-06,59324.00,false,,paid
INV-2026-000389,HUBLI COLD STORAGE AND COMPANY,2026-08-27,2026-09-26,200000.25,false,,paid
INV-2026-000390,JALANDHAR INFRAPROJECTS AND COMPANY,2026-06-22,2026-07-22,40452.00,false,,paid
INV-2026-000391,BHAVNAGAR MOTORS PRIVATE LIMITED,2026-07-26,2026-08-25,35469.00,false,,paid
INV-2026-000392,AURANGABAD DIAGNOSTICS LIMITED,2026-06-16,2026-07-16,200000.25,false,,paid
INV-2026-000393,BHOPAL INFRAPROJECTS AND COMPANY,2026-07-22,2026-08-21,5000.99,false,,paid
INV-2026-000394,BHOPAL AGRO EXPORTS PRIVATE LIMITED,2026-08-07,2026-09-06,30000.99,false,,paid
INV-2026-000395,AMRAVATI CONTAINERS PVT LTD,2026-08-02,2026-09-01,50367.00,false,,paid
INV-2026-000396,AMRAVATI SPINNERS LLP,2026-06-18,2026-07-18,100000.50,false,,paid
INV-2026-000397,ERNAKULAM DIAGNOSTICS LIMITED,2026-08-13,2026-09-12,1000.00,false,,paid
INV-2026-000398,COIMBATORE PACKAGING LLP,2026-08-29,2026-09-28,32227.00,false,,paid
INV-2026-000399,DEHRADUN DISTRIBUTORS PRIVATE LIMITED,2026-06-18,2026-07-18,46664.00,false,,paid
INV-2026-000400,INDORE BEARINGS LIMITED,2026-08-07,2026-09-06,49307.00,false,,paid
INV-2026-000401,GWALIOR ELECTRICALS LLP,2026-08-01,2026-08-31,261000.00,false,,paid
INV-2026-000402,CHANDRAPUR FORGINGS LIMITED,2026-07-05,2026-08-04,60000.75,false,,paid
INV-2026-000403,COIMBATORE ENTERPRISES INDIA PRIVATE LIMITED,2026-08-19,2026-09-18,150000.50,false,,paid
INV-2026-000404,JALANDHAR PHARMACEUTICALS INDIA PRIVATE LIMITED,2026-07-25,2026-08-24,12310.99,false,,paid
INV-2026-000405,HUBLI SPINNERS LLP,2026-06-27,2026-07-27,17904.00,false,,paid
INV-2026-000406,DHANBAD FERTILISERS PRIVATE LIMITED,2026-07-04,2026-08-03,94715.25,false,,paid
INV-2026-000407,GUNTUR COLD STORAGE AND COMPANY,2026-06-21,2026-07-21,35198.00,false,,paid
INV-2026-000408,INDORE HANDICRAFTS LLP,2026-06-29,2026-07-29,187419.99,false,,paid
INV-2026-000409,AMRAVATI ENGINEERING PVT LTD,2026-06-05,2026-07-05,60000.25,false,,paid
INV-2026-000410,MEERUT FABRICATORS AND COMPANY,2026-07-26,2026-08-25,130566.00,false,,paid
INV-2026-000411,RAIPUR AGRO EXPORTS PRIVATE LIMITED,2026-08-04,2026-09-03,9561.00,false,,partially_paid
INV-2026-000412,LUDHIANA PLASTICS AND COMPANY,2026-06-05,2026-07-05,26664.00,false,,partially_paid
INV-2026-000413,CUTTACK CASTINGS LLP,2026-07-18,2026-08-17,231827.25,false,,partially_paid
INV-2026-000414,COIMBATORE HOSPITALITY PVT LTD,2026-08-12,2026-09-11,20000.00,false,,partially_paid
INV-2026-000415,AMRAVATI AGRO EXPORTS PRIVATE LIMITED,2026-07-30,2026-08-29,15000.75,false,,partially_paid
INV-2026-000416,NARMADA CHEMICALS INDIA PRIVATE LIMITED,2026-08-18,2026-09-17,61366.00,false,,partially_paid
INV-2026-000417,CALICUT PHARMACEUTICALS INDIA PRIVATE LIMITED,2026-07-11,2026-08-10,67302.00,false,,partially_paid
INV-2026-000418,AURANGABAD BEARINGS LIMITED,2026-07-07,2026-08-06,110719.00,false,,partially_paid
INV-2026-000419,BHILAI AUTO COMPONENTS PVT LTD,2026-06-24,2026-07-24,20000.50,false,,partially_paid
INV-2026-000420,GUNTUR DISTRIBUTORS PRIVATE LIMITED,2026-07-22,2026-08-21,10392.00,false,,partially_paid
INV-2026-000421,ANANTAPUR POLYMERS PRIVATE LIMITED,2026-08-28,2026-09-27,291000.00,false,,partially_paid
INV-2026-000422,JAMNAGAR FABRICATORS AND COMPANY,2026-06-21,2026-07-21,24156.25,false,,partially_paid
INV-2026-000423,RAIPUR COLD STORAGE AND COMPANY,2026-08-10,2026-09-09,73000.25,false,,partially_paid
INV-2026-000424,GUNTUR DIAGNOSTICS LIMITED,2026-07-24,2026-08-23,20000.00,false,,partially_paid
INV-2026-000425,AURANGABAD HOSPITALITY PVT LTD,2026-07-14,2026-08-13,52889.00,false,,partially_paid
INV-2026-000426,CUTTACK CASTINGS LLP,2026-06-07,2026-07-07,84219.00,false,,partially_paid
INV-2026-000427,AMRAVATI BEARINGS LIMITED,2026-08-04,2026-09-03,29784.00,false,,partially_paid
INV-2026-000428,DHANBAD AUTO COMPONENTS PVT LTD,2026-07-21,2026-08-20,31730.00,false,,partially_paid
INV-2026-000429,BHOPAL AUTO COMPONENTS PVT LTD,2026-07-22,2026-08-21,29353.00,false,,partially_paid
INV-2026-000430,ERNAKULAM CONTAINERS PVT LTD,2026-07-27,2026-08-26,158555.00,false,,partially_paid
INV-2026-000431,ANANTAPUR FORGINGS LIMITED,2026-07-30,2026-08-29,138000.00,false,,partially_paid
INV-2026-000432,AMRAVATI AGRO EXPORTS PRIVATE LIMITED,2026-07-09,2026-08-08,20000.00,false,,partially_paid
INV-2026-000433,GWALIOR FERTILISERS PRIVATE LIMITED,2026-06-15,2026-07-15,238955.00,false,,partially_paid
INV-2026-000434,CHANDRAPUR MOTORS PRIVATE LIMITED,2026-08-08,2026-09-07,282759.00,false,,partially_paid
INV-2026-000435,ANANTAPUR CASTINGS LLP,2026-08-29,2026-09-28,7109.00,false,,partially_paid
INV-2026-000436,AURANGABAD ELECTRICALS LLP,2026-07-07,2026-08-06,51294.00,false,,partially_paid
INV-2026-000437,KOLHAPUR FORGINGS LIMITED,2026-06-23,2026-07-23,337358.00,false,,partially_paid
INV-2026-000438,AMRAVATI AUTO COMPONENTS PVT LTD,2026-06-29,2026-07-29,3523.00,false,,partially_paid
INV-2026-000439,BHAVNAGAR DIAGNOSTICS LIMITED,2026-08-26,2026-09-25,224000.99,false,,partially_paid
INV-2026-000440,AURANGABAD FABRICATORS AND COMPANY,2026-07-29,2026-08-28,21201.00,false,,partially_paid
INV-2026-000441,ANANTAPUR ENGINEERING PVT LTD,2026-07-21,2026-08-20,32871.50,false,,paid
INV-2026-000442,AURANGABAD PLASTICS AND COMPANY,2026-08-11,2026-09-10,16955.75,false,,paid
INV-2026-000443,CHANDRAPUR ENGINEERING PVT LTD,2026-08-28,2026-09-27,500000.00,false,,paid
INV-2026-000444,COIMBATORE GARMENTS PRIVATE LIMITED,2026-06-24,2026-07-24,224852.00,false,,paid
INV-2026-000445,CHANDRAPUR FERTILISERS PRIVATE LIMITED,2026-08-12,2026-09-11,6873.25,false,,paid
INV-2026-000446,BHILAI FORGINGS LIMITED,2026-07-01,2026-07-31,250000.50,false,,paid
INV-2026-000447,BELGAUM HANDICRAFTS LLP,2026-07-26,2026-08-25,96666.25,false,,paid
INV-2026-000448,RAIPUR GARMENTS PRIVATE LIMITED,2026-08-09,2026-09-08,15000.00,false,,paid
INV-2026-000449,TRICHY TRADERS INDIA PRIVATE LIMITED,2026-06-10,2026-07-10,305542.25,false,,paid
INV-2026-000450,JODHPUR TEXTILES PVT LTD,2026-06-12,2026-07-12,42000.50,false,,paid
INV-2026-000451,GANDHINAGAR ENGINEERING PVT LTD,2026-08-28,2026-09-27,110000.00,false,,paid
INV-2026-000452,BHAVNAGAR AGRO EXPORTS PRIVATE LIMITED,2026-07-13,2026-08-12,8259.00,false,,paid
INV-2026-000453,DEHRADUN INDUSTRIES INDIA PRIVATE LIMITED,2026-07-06,2026-08-05,82713.00,false,,paid
INV-2026-000454,ERNAKULAM PRINTERS PVT LTD,2026-06-19,2026-07-19,67459.00,false,,paid
INV-2026-000455,GANDHINAGAR SOFTWARE SERVICES PRIVATE LIMITED,2026-08-15,2026-09-14,77992.00,false,,paid
INV-2026-000456,ANANTAPUR SOFTWARE SERVICES PRIVATE LIMITED,2026-08-19,2026-09-18,104000.00,false,,paid
INV-2026-000457,AMRAVATI COLD STORAGE AND COMPANY,2026-08-27,2026-09-26,23025.00,false,,paid
INV-2026-000458,RAJKOT CASTINGS LLP,2026-07-28,2026-08-27,200000.50,false,,paid
INV-2026-000459,JODHPUR POLYMERS PRIVATE LIMITED,2026-08-08,2026-09-07,16995.00,false,,paid
INV-2026-000460,VARANASI SPINNERS LLP,2026-08-19,2026-09-18,16383.00,false,,paid
INV-2026-000461,HOSUR AGRO EXPORTS PRIVATE LIMITED,2026-07-24,2026-08-23,25000.00,false,,paid
INV-2026-000462,SALEM MOTORS PRIVATE LIMITED,2026-07-04,2026-08-03,150000.99,false,,paid
INV-2026-000463,AMRAVATI MEDIA PVT LTD,2026-07-03,2026-08-02,122000.00,false,,paid
INV-2026-000464,AMRAVATI AGRO EXPORTS PRIVATE LIMITED,2026-07-06,2026-08-05,177968.00,false,,paid
INV-2026-000465,KRISHNA FOODS PVT LTD,2026-06-08,2026-07-08,120258.99,false,,paid
INV-2026-000466,ANANTAPUR CABLES PRIVATE LIMITED,2026-06-06,2026-07-06,20000.00,false,,paid
INV-2026-000467,UDAIPUR MEDIA PVT LTD,2026-08-09,2026-09-08,44031.00,false,,paid
INV-2026-000468,AMRAVATI CERAMICS PVT LTD,2026-06-01,2026-07-01,40866.00,false,,paid
INV-2026-000469,HOSUR ELECTRICALS LLP,2026-08-19,2026-09-18,123000.00,false,,paid
INV-2026-000470,CALICUT CHEMICALS INDIA PRIVATE LIMITED,2026-07-30,2026-08-29,100000.00,false,,paid
INV-2026-000471,CUTTACK LOGISTICS PRIVATE LIMITED,2026-08-24,2026-09-23,41360.00,true,194C,paid
INV-2026-000472,AMRAVATI DISTRIBUTORS PRIVATE LIMITED,2026-06-06,2026-07-06,8245.00,true,194J,paid
INV-2026-000473,CALICUT FOODS PVT LTD,2026-07-20,2026-08-19,116000.75,true,194H,paid
INV-2026-000474,AMRAVATI AGRO EXPORTS PRIVATE LIMITED,2026-07-17,2026-08-16,28019.00,true,194Q,paid
INV-2026-000475,AMRAVATI CHEMICALS INDIA PRIVATE LIMITED,2026-08-23,2026-09-22,37538.00,true,194H,paid
INV-2026-000476,DHANBAD INDUSTRIES INDIA PRIVATE LIMITED,2026-08-27,2026-09-26,10000.75,true,194J,paid
INV-2026-000477,CALICUT COLD STORAGE AND COMPANY,2026-07-02,2026-08-01,29000.00,true,194C,paid
INV-2026-000478,AMRAVATI CHEMICALS INDIA PRIVATE LIMITED,2026-08-24,2026-09-23,9755.99,true,194H,paid
INV-2026-000479,AMRAVATI HOSPITALITY PVT LTD,2026-06-02,2026-07-02,20000.00,true,194J,paid
INV-2026-000480,AMRAVATI INFRAPROJECTS AND COMPANY,2026-06-17,2026-07-17,13017.00,true,194C,paid
INV-2026-000481,CHENNAI HOSPITALITY PVT LTD,2026-06-11,2026-07-11,135000.00,true,194H,paid
INV-2026-000482,ANANTAPUR HOSPITALITY PVT LTD,2026-07-12,2026-08-11,72514.75,true,194H,paid
INV-2026-000483,PANIPAT HANDICRAFTS LLP,2026-08-22,2026-09-21,264000.00,true,194Q,paid
INV-2026-000484,BHOPAL POLYMERS PRIVATE LIMITED,2026-08-01,2026-08-31,30000.00,true,194Q,paid
INV-2026-000485,SURAT SOFTWARE SERVICES PRIVATE LIMITED,2026-08-23,2026-09-22,212000.00,true,194H,paid
INV-2026-000486,NARMADA CHEMICALS INDIA PRIVATE LIMITED,2026-08-28,2026-09-27,250000.00,true,194Q,paid
INV-2026-000487,SOLAPUR CONSTRUCTIONS PRIVATE LIMITED,2026-06-21,2026-07-21,18133.00,true,194Q,paid
INV-2026-000488,AURANGABAD FABRICATORS AND COMPANY,2026-06-09,2026-07-09,50000.00,true,194J,paid
INV-2026-000489,AMRAVATI AGRO EXPORTS PRIVATE LIMITED,2026-07-20,2026-08-19,81942.75,true,194C,paid
INV-2026-000490,GWALIOR REFRACTORIES LIMITED,2026-07-15,2026-08-14,6291.00,true,194Q,paid
INV-2026-000491,AURANGABAD CERAMICS PVT LTD,2026-07-16,2026-08-15,54317.99,true,194Q,paid
INV-2026-000492,JABALPUR PHARMACEUTICALS INDIA PRIVATE LIMITED,2026-06-17,2026-07-17,96751.00,true,194J,paid
INV-2026-000493,HALDIA LOGISTICS PRIVATE LIMITED,2026-06-11,2026-07-11,54408.00,true,194C,paid
INV-2026-000494,COIMBATORE INDUSTRIES INDIA PRIVATE LIMITED,2026-06-06,2026-07-06,60000.00,true,194H,paid
INV-2026-000495,JODHPUR TRANSPORT AND COMPANY,2026-08-21,2026-09-20,88843.99,true,194J,paid
